snapshot_id,date,date_key,product_id,supplier_id,stock_on_hand,reorder_level,stockout_risk,unit_cost,inventory_value
1,"2026-06-29",20260629,1,3,37,42,1,150,5550
2,"2026-06-29",20260629,2,5,19,19,1,50,950
3,"2026-06-29",20260629,3,14,88,21,0,30,2640
4,"2026-06-29",20260629,4,32,108,22,0,20,2160
5,"2026-06-29",20260629,5,31,189,42,0,380,71820
6,"2026-06-29",20260629,6,20,141,48,0,520,73320
7,"2026-06-29",20260629,7,32,112,44,0,190,21280
8,"2026-06-29",20260629,8,21,172,22,0,110,18920
9,"2026-06-29",20260629,9,27,84,32,0,800,67200
10,"2026-06-29",20260629,10,21,54,17,0,1500,81000
11,"2026-06-29",20260629,11,32,44,20,0,400,17600
12,"2026-06-29",20260629,12,23,192,26,0,1000,192000
13,"2026-06-29",20260629,13,21,111,28,0,210,23310
14,"2026-06-29",20260629,14,33,87,16,0,680,59160
15,"2026-06-29",20260629,15,13,19,35,1,430,8170
16,"2026-06-29",20260629,16,34,138,34,0,25,3450
17,"2026-06-28",20260628,1,32,17,42,1,150,2550
18,"2026-06-28",20260628,2,18,178,19,0,50,8900
19,"2026-06-28",20260628,3,21,74,21,0,30,2220
20,"2026-06-28",20260628,4,25,92,22,0,20,1840
21,"2026-06-28",20260628,5,23,26,42,1,380,9880
22,"2026-06-28",20260628,6,29,138,48,0,520,71760
23,"2026-06-28",20260628,7,26,71,44,0,190,13490
24,"2026-06-28",20260628,8,22,76,22,0,110,8360
25,"2026-06-28",20260628,9,29,18,32,1,800,14400
26,"2026-06-28",20260628,10,28,126,17,0,1500,189000
27,"2026-06-28",20260628,11,29,166,20,0,400,66400
28,"2026-06-28",20260628,12,28,97,26,0,1000,97000
29,"2026-06-28",20260628,13,33,119,28,0,210,24990
30,"2026-06-28",20260628,14,30,65,16,0,680,44200
31,"2026-06-28",20260628,15,21,162,35,0,430,69660
32,"2026-06-28",20260628,16,14,166,34,0,25,4150
33,"2026-06-27",20260627,1,32,150,42,0,150,22500
34,"2026-06-27",20260627,2,10,88,19,0,50,4400
35,"2026-06-27",20260627,3,24,55,21,0,30,1650
36,"2026-06-27",20260627,4,32,134,22,0,20,2680
37,"2026-06-27",20260627,5,34,192,42,0,380,72960
38,"2026-06-27",20260627,6,8,62,48,0,520,32240
39,"2026-06-27",20260627,7,22,121,44,0,190,22990
40,"2026-06-27",20260627,8,9,94,22,0,110,10340
41,"2026-06-27",20260627,9,24,48,32,0,800,38400
42,"2026-06-27",20260627,10,35,196,17,0,1500,294000
43,"2026-06-27",20260627,11,27,60,20,0,400,24000
44,"2026-06-27",20260627,12,31,143,26,0,1000,143000
45,"2026-06-27",20260627,13,3,165,28,0,210,34650
46,"2026-06-27",20260627,14,1,33,16,0,680,22440
47,"2026-06-27",20260627,15,4,82,35,0,430,35260
48,"2026-06-27",20260627,16,14,57,34,0,25,1425
49,"2026-06-26",20260626,1,26,108,42,0,150,16200
50,"2026-06-26",20260626,2,27,181,19,0,50,9050
51,"2026-06-26",20260626,3,12,185,21,0,30,5550
52,"2026-06-26",20260626,4,33,92,22,0,20,1840
53,"2026-06-26",20260626,5,13,175,42,0,380,66500
54,"2026-06-26",20260626,6,18,89,48,0,520,46280
55,"2026-06-26",20260626,7,28,94,44,0,190,17860
56,"2026-06-26",20260626,8,11,66,22,0,110,7260
57,"2026-06-26",20260626,9,8,145,32,0,800,116000
58,"2026-06-26",20260626,10,32,97,17,0,1500,145500
59,"2026-06-26",20260626,11,14,93,20,0,400,37200
60,"2026-06-26",20260626,12,11,175,26,0,1000,175000
61,"2026-06-26",20260626,13,26,173,28,0,210,36330
62,"2026-06-26",20260626,14,21,155,16,0,680,105400
63,"2026-06-26",20260626,15,35,145,35,0,430,62350
64,"2026-06-26",20260626,16,6,51,34,0,25,1275
65,"2026-06-25",20260625,1,8,156,42,0,150,23400
66,"2026-06-25",20260625,2,3,180,19,0,50,9000
67,"2026-06-25",20260625,3,22,60,21,0,30,1800
68,"2026-06-25",20260625,4,24,141,22,0,20,2820
69,"2026-06-25",20260625,5,32,64,42,0,380,24320
70,"2026-06-25",20260625,6,26,117,48,0,520,60840
71,"2026-06-25",20260625,7,10,66,44,0,190,12540
72,"2026-06-25",20260625,8,3,133,22,0,110,14630
73,"2026-06-25",20260625,9,35,16,32,1,800,12800
74,"2026-06-25",20260625,10,12,64,17,0,1500,96000
75,"2026-06-25",20260625,11,16,182,20,0,400,72800
76,"2026-06-25",20260625,12,5,85,26,0,1000,85000
77,"2026-06-25",20260625,13,5,20,28,1,210,4200
78,"2026-06-25",20260625,14,6,120,16,0,680,81600
79,"2026-06-25",20260625,15,19,87,35,0,430,37410
80,"2026-06-25",20260625,16,7,142,34,0,25,3550
81,"2026-06-24",20260624,1,9,62,42,0,150,9300
82,"2026-06-24",20260624,2,31,89,19,0,50,4450
83,"2026-06-24",20260624,3,16,122,21,0,30,3660
84,"2026-06-24",20260624,4,27,20,22,1,20,400
85,"2026-06-24",20260624,5,29,86,42,0,380,32680
86,"2026-06-24",20260624,6,10,22,48,1,520,11440
87,"2026-06-24",20260624,7,28,39,44,1,190,7410
88,"2026-06-24",20260624,8,6,61,22,0,110,6710
89,"2026-06-24",20260624,9,21,120,32,0,800,96000
90,"2026-06-24",20260624,10,18,68,17,0,1500,102000
91,"2026-06-24",20260624,11,18,21,20,0,400,8400
92,"2026-06-24",20260624,12,7,179,26,0,1000,179000
93,"2026-06-24",20260624,13,30,163,28,0,210,34230
94,"2026-06-24",20260624,14,9,113,16,0,680,76840
95,"2026-06-24",20260624,15,8,182,35,0,430,78260
96,"2026-06-24",20260624,16,28,146,34,0,25,3650
97,"2026-06-23",20260623,1,35,117,42,0,150,17550
98,"2026-06-23",20260623,2,5,91,19,0,50,4550
99,"2026-06-23",20260623,3,22,52,21,0,30,1560
100,"2026-06-23",20260623,4,6,78,22,0,20,1560
101,"2026-06-23",20260623,5,5,119,42,0,380,45220
102,"2026-06-23",20260623,6,9,101,48,0,520,52520
103,"2026-06-23",20260623,7,25,92,44,0,190,17480
104,"2026-06-23",20260623,8,2,72,22,0,110,7920
105,"2026-06-23",20260623,9,35,29,32,1,800,23200
106,"2026-06-23",20260623,10,7,159,17,0,1500,238500
107,"2026-06-23",20260623,11,10,182,20,0,400,72800
108,"2026-06-23",20260623,12,8,87,26,0,1000,87000
109,"2026-06-23",20260623,13,7,141,28,0,210,29610
110,"2026-06-23",20260623,14,28,160,16,0,680,108800
111,"2026-06-23",20260623,15,11,99,35,0,430,42570
112,"2026-06-23",20260623,16,25,25,34,1,25,625
113,"2026-06-22",20260622,1,26,149,42,0,150,22350
114,"2026-06-22",20260622,2,22,183,19,0,50,9150
115,"2026-06-22",20260622,3,2,23,21,0,30,690
116,"2026-06-22",20260622,4,13,27,22,0,20,540
117,"2026-06-22",20260622,5,1,63,42,0,380,23940
118,"2026-06-22",20260622,6,22,108,48,0,520,56160
119,"2026-06-22",20260622,7,9,21,44,1,190,3990
120,"2026-06-22",20260622,8,33,181,22,0,110,19910
121,"2026-06-22",20260622,9,11,24,32,1,800,19200
122,"2026-06-22",20260622,10,12,114,17,0,1500,171000
123,"2026-06-22",20260622,11,3,155,20,0,400,62000
124,"2026-06-22",20260622,12,21,157,26,0,1000,157000
125,"2026-06-22",20260622,13,27,65,28,0,210,13650
126,"2026-06-22",20260622,14,18,83,16,0,680,56440
127,"2026-06-22",20260622,15,29,11,35,1,430,4730
128,"2026-06-22",20260622,16,13,174,34,0,25,4350
129,"2026-06-21",20260621,1,5,119,42,0,150,17850
130,"2026-06-21",20260621,2,28,10,19,1,50,500
131,"2026-06-21",20260621,3,1,71,21,0,30,2130
132,"2026-06-21",20260621,4,14,37,22,0,20,740
133,"2026-06-21",20260621,5,17,101,42,0,380,38380
134,"2026-06-21",20260621,6,7,71,48,0,520,36920
135,"2026-06-21",20260621,7,21,154,44,0,190,29260
136,"2026-06-21",20260621,8,31,59,22,0,110,6490
137,"2026-06-21",20260621,9,15,164,32,0,800,131200
138,"2026-06-21",20260621,10,5,164,17,0,1500,246000
139,"2026-06-21",20260621,11,10,157,20,0,400,62800
140,"2026-06-21",20260621,12,6,95,26,0,1000,95000
141,"2026-06-21",20260621,13,5,147,28,0,210,30870
142,"2026-06-21",20260621,14,32,20,16,0,680,13600
143,"2026-06-21",20260621,15,1,57,35,0,430,24510
144,"2026-06-21",20260621,16,27,138,34,0,25,3450
145,"2026-06-20",20260620,1,14,120,42,0,150,18000
146,"2026-06-20",20260620,2,9,21,19,0,50,1050
147,"2026-06-20",20260620,3,35,52,21,0,30,1560
148,"2026-06-20",20260620,4,21,34,22,0,20,680
149,"2026-06-20",20260620,5,32,25,42,1,380,9500
150,"2026-06-20",20260620,6,26,52,48,0,520,27040
151,"2026-06-20",20260620,7,25,30,44,1,190,5700
152,"2026-06-20",20260620,8,20,58,22,0,110,6380
153,"2026-06-20",20260620,9,31,28,32,1,800,22400
154,"2026-06-20",20260620,10,24,20,17,0,1500,30000
155,"2026-06-20",20260620,11,12,19,20,1,400,7600
156,"2026-06-20",20260620,12,33,53,26,0,1000,53000
157,"2026-06-20",20260620,13,1,30,28,0,210,6300
158,"2026-06-20",20260620,14,30,91,16,0,680,61880
159,"2026-06-20",20260620,15,35,79,35,0,430,33970
160,"2026-06-20",20260620,16,10,43,34,0,25,1075
161,"2026-06-19",20260619,1,16,97,42,0,150,14550
162,"2026-06-19",20260619,2,12,82,19,0,50,4100
163,"2026-06-19",20260619,3,35,165,21,0,30,4950
164,"2026-06-19",20260619,4,10,79,22,0,20,1580
165,"2026-06-19",20260619,5,33,180,42,0,380,68400
166,"2026-06-19",20260619,6,22,44,48,1,520,22880
167,"2026-06-19",20260619,7,14,198,44,0,190,37620
168,"2026-06-19",20260619,8,16,177,22,0,110,19470
169,"2026-06-19",20260619,9,6,84,32,0,800,67200
170,"2026-06-19",20260619,10,22,64,17,0,1500,96000
171,"2026-06-19",20260619,11,24,22,20,0,400,8800
172,"2026-06-19",20260619,12,35,179,26,0,1000,179000
173,"2026-06-19",20260619,13,34,95,28,0,210,19950
174,"2026-06-19",20260619,14,3,66,16,0,680,44880
175,"2026-06-19",20260619,15,27,70,35,0,430,30100
176,"2026-06-19",20260619,16,3,19,34,1,25,475
177,"2026-06-18",20260618,1,21,166,42,0,150,24900
178,"2026-06-18",20260618,2,25,116,19,0,50,5800
179,"2026-06-18",20260618,3,3,24,21,0,30,720
180,"2026-06-18",20260618,4,35,35,22,0,20,700
181,"2026-06-18",20260618,5,3,41,42,1,380,15580
182,"2026-06-18",20260618,6,9,181,48,0,520,94120
183,"2026-06-18",20260618,7,5,93,44,0,190,17670
184,"2026-06-18",20260618,8,18,52,22,0,110,5720
185,"2026-06-18",20260618,9,35,124,32,0,800,99200
186,"2026-06-18",20260618,10,19,180,17,0,1500,270000
187,"2026-06-18",20260618,11,14,110,20,0,400,44000
188,"2026-06-18",20260618,12,13,21,26,1,1000,21000
189,"2026-06-18",20260618,13,1,30,28,0,210,6300
190,"2026-06-18",20260618,14,20,16,16,1,680,10880
191,"2026-06-18",20260618,15,20,113,35,0,430,48590
192,"2026-06-18",20260618,16,8,185,34,0,25,4625
193,"2026-06-17",20260617,1,22,60,42,0,150,9000
194,"2026-06-17",20260617,2,28,154,19,0,50,7700
195,"2026-06-17",20260617,3,19,116,21,0,30,3480
196,"2026-06-17",20260617,4,26,86,22,0,20,1720
197,"2026-06-17",20260617,5,28,198,42,0,380,75240
198,"2026-06-17",20260617,6,29,16,48,1,520,8320
199,"2026-06-17",20260617,7,20,13,44,1,190,2470
200,"2026-06-17",20260617,8,20,179,22,0,110,19690
201,"2026-06-17",20260617,9,22,49,32,0,800,39200
202,"2026-06-17",20260617,10,34,33,17,0,1500,49500
203,"2026-06-17",20260617,11,27,189,20,0,400,75600
204,"2026-06-17",20260617,12,13,139,26,0,1000,139000
205,"2026-06-17",20260617,13,35,68,28,0,210,14280
206,"2026-06-17",20260617,14,12,80,16,0,680,54400
207,"2026-06-17",20260617,15,17,123,35,0,430,52890
208,"2026-06-17",20260617,16,20,178,34,0,25,4450
209,"2026-06-16",20260616,1,23,161,42,0,150,24150
210,"2026-06-16",20260616,2,34,48,19,0,50,2400
211,"2026-06-16",20260616,3,4,180,21,0,30,5400
212,"2026-06-16",20260616,4,10,131,22,0,20,2620
213,"2026-06-16",20260616,5,19,69,42,0,380,26220
214,"2026-06-16",20260616,6,7,190,48,0,520,98800
215,"2026-06-16",20260616,7,27,37,44,1,190,7030
216,"2026-06-16",20260616,8,21,55,22,0,110,6050
217,"2026-06-16",20260616,9,26,174,32,0,800,139200
218,"2026-06-16",20260616,10,1,22,17,0,1500,33000
219,"2026-06-16",20260616,11,17,83,20,0,400,33200
220,"2026-06-16",20260616,12,12,87,26,0,1000,87000
221,"2026-06-16",20260616,13,23,167,28,0,210,35070
222,"2026-06-16",20260616,14,13,147,16,0,680,99960
223,"2026-06-16",20260616,15,31,13,35,1,430,5590
224,"2026-06-16",20260616,16,7,190,34,0,25,4750
225,"2026-06-15",20260615,1,20,135,42,0,150,20250
226,"2026-06-15",20260615,2,25,11,19,1,50,550
227,"2026-06-15",20260615,3,18,51,21,0,30,1530
228,"2026-06-15",20260615,4,27,146,22,0,20,2920
229,"2026-06-15",20260615,5,29,122,42,0,380,46360
230,"2026-06-15",20260615,6,6,182,48,0,520,94640
231,"2026-06-15",20260615,7,8,169,44,0,190,32110
232,"2026-06-15",20260615,8,15,141,22,0,110,15510
233,"2026-06-15",20260615,9,28,143,32,0,800,114400
234,"2026-06-15",20260615,10,5,134,17,0,1500,201000
235,"2026-06-15",20260615,11,9,24,20,0,400,9600
236,"2026-06-15",20260615,12,26,117,26,0,1000,117000
237,"2026-06-15",20260615,13,11,181,28,0,210,38010
238,"2026-06-15",20260615,14,7,37,16,0,680,25160
239,"2026-06-15",20260615,15,6,133,35,0,430,57190
240,"2026-06-15",20260615,16,11,117,34,0,25,2925
241,"2026-06-14",20260614,1,24,16,42,1,150,2400
242,"2026-06-14",20260614,2,8,195,19,0,50,9750
243,"2026-06-14",20260614,3,18,15,21,1,30,450
244,"2026-06-14",20260614,4,9,89,22,0,20,1780
245,"2026-06-14",20260614,5,8,193,42,0,380,73340
246,"2026-06-14",20260614,6,6,117,48,0,520,60840
247,"2026-06-14",20260614,7,20,153,44,0,190,29070
248,"2026-06-14",20260614,8,33,75,22,0,110,8250
249,"2026-06-14",20260614,9,26,177,32,0,800,141600
250,"2026-06-14",20260614,10,19,32,17,0,1500,48000
251,"2026-06-14",20260614,11,15,104,20,0,400,41600
252,"2026-06-14",20260614,12,18,159,26,0,1000,159000
253,"2026-06-14",20260614,13,5,109,28,0,210,22890
254,"2026-06-14",20260614,14,22,135,16,0,680,91800
255,"2026-06-14",20260614,15,13,139,35,0,430,59770
256,"2026-06-14",20260614,16,12,169,34,0,25,4225
257,"2026-06-13",20260613,1,19,67,42,0,150,10050
258,"2026-06-13",20260613,2,27,124,19,0,50,6200
259,"2026-06-13",20260613,3,21,197,21,0,30,5910
260,"2026-06-13",20260613,4,17,44,22,0,20,880
261,"2026-06-13",20260613,5,24,170,42,0,380,64600
262,"2026-06-13",20260613,6,8,144,48,0,520,74880
263,"2026-06-13",20260613,7,29,148,44,0,190,28120
264,"2026-06-13",20260613,8,2,187,22,0,110,20570
265,"2026-06-13",20260613,9,31,75,32,0,800,60000
266,"2026-06-13",20260613,10,10,24,17,0,1500,36000
267,"2026-06-13",20260613,11,18,87,20,0,400,34800
268,"2026-06-13",20260613,12,26,57,26,0,1000,57000
269,"2026-06-13",20260613,13,17,72,28,0,210,15120
270,"2026-06-13",20260613,14,31,189,16,0,680,128520
271,"2026-06-13",20260613,15,13,115,35,0,430,49450
272,"2026-06-13",20260613,16,30,52,34,0,25,1300
273,"2026-06-12",20260612,1,28,127,42,0,150,19050
274,"2026-06-12",20260612,2,23,180,19,0,50,9000
275,"2026-06-12",20260612,3,14,192,21,0,30,5760
276,"2026-06-12",20260612,4,18,154,22,0,20,3080
277,"2026-06-12",20260612,5,8,183,42,0,380,69540
278,"2026-06-12",20260612,6,8,27,48,1,520,14040
279,"2026-06-12",20260612,7,22,52,44,0,190,9880
280,"2026-06-12",20260612,8,12,150,22,0,110,16500
281,"2026-06-12",20260612,9,23,180,32,0,800,144000
282,"2026-06-12",20260612,10,3,138,17,0,1500,207000
283,"2026-06-12",20260612,11,14,84,20,0,400,33600
284,"2026-06-12",20260612,12,5,79,26,0,1000,79000
285,"2026-06-12",20260612,13,30,102,28,0,210,21420
286,"2026-06-12",20260612,14,12,174,16,0,680,118320
287,"2026-06-12",20260612,15,12,112,35,0,430,48160
288,"2026-06-12",20260612,16,12,180,34,0,25,4500
289,"2026-06-11",20260611,1,25,72,42,0,150,10800
290,"2026-06-11",20260611,2,25,108,19,0,50,5400
291,"2026-06-11",20260611,3,22,164,21,0,30,4920
292,"2026-06-11",20260611,4,27,31,22,0,20,620
293,"2026-06-11",20260611,5,7,194,42,0,380,73720
294,"2026-06-11",20260611,6,30,79,48,0,520,41080
295,"2026-06-11",20260611,7,12,15,44,1,190,2850
296,"2026-06-11",20260611,8,35,141,22,0,110,15510
297,"2026-06-11",20260611,9,5,99,32,0,800,79200
298,"2026-06-11",20260611,10,29,156,17,0,1500,234000
299,"2026-06-11",20260611,11,31,69,20,0,400,27600
300,"2026-06-11",20260611,12,29,50,26,0,1000,50000
301,"2026-06-11",20260611,13,33,81,28,0,210,17010
302,"2026-06-11",20260611,14,13,148,16,0,680,100640
303,"2026-06-11",20260611,15,4,11,35,1,430,4730
304,"2026-06-11",20260611,16,17,141,34,0,25,3525
305,"2026-06-10",20260610,1,27,138,42,0,150,20700
306,"2026-06-10",20260610,2,19,192,19,0,50,9600
307,"2026-06-10",20260610,3,31,85,21,0,30,2550
308,"2026-06-10",20260610,4,15,35,22,0,20,700
309,"2026-06-10",20260610,5,30,98,42,0,380,37240
310,"2026-06-10",20260610,6,31,193,48,0,520,100360
311,"2026-06-10",20260610,7,7,40,44,1,190,7600
312,"2026-06-10",20260610,8,20,112,22,0,110,12320
313,"2026-06-10",20260610,9,35,158,32,0,800,126400
314,"2026-06-10",20260610,10,15,97,17,0,1500,145500
315,"2026-06-10",20260610,11,13,120,20,0,400,48000
316,"2026-06-10",20260610,12,11,60,26,0,1000,60000
317,"2026-06-10",20260610,13,13,143,28,0,210,30030
318,"2026-06-10",20260610,14,26,74,16,0,680,50320
319,"2026-06-10",20260610,15,19,119,35,0,430,51170
320,"2026-06-10",20260610,16,18,136,34,0,25,3400
321,"2026-06-09",20260609,1,9,89,42,0,150,13350
322,"2026-06-09",20260609,2,1,152,19,0,50,7600
323,"2026-06-09",20260609,3,30,37,21,0,30,1110
324,"2026-06-09",20260609,4,29,105,22,0,20,2100
325,"2026-06-09",20260609,5,26,18,42,1,380,6840
326,"2026-06-09",20260609,6,10,150,48,0,520,78000
327,"2026-06-09",20260609,7,3,166,44,0,190,31540
328,"2026-06-09",20260609,8,28,107,22,0,110,11770
329,"2026-06-09",20260609,9,29,178,32,0,800,142400
330,"2026-06-09",20260609,10,18,149,17,0,1500,223500
331,"2026-06-09",20260609,11,30,13,20,1,400,5200
332,"2026-06-09",20260609,12,23,94,26,0,1000,94000
333,"2026-06-09",20260609,13,11,102,28,0,210,21420
334,"2026-06-09",20260609,14,11,110,16,0,680,74800
335,"2026-06-09",20260609,15,27,91,35,0,430,39130
336,"2026-06-09",20260609,16,11,66,34,0,25,1650
337,"2026-06-08",20260608,1,7,106,42,0,150,15900
338,"2026-06-08",20260608,2,21,100,19,0,50,5000
339,"2026-06-08",20260608,3,1,44,21,0,30,1320
340,"2026-06-08",20260608,4,29,122,22,0,20,2440
341,"2026-06-08",20260608,5,22,104,42,0,380,39520
342,"2026-06-08",20260608,6,20,85,48,0,520,44200
343,"2026-06-08",20260608,7,20,104,44,0,190,19760
344,"2026-06-08",20260608,8,17,24,22,0,110,2640
345,"2026-06-08",20260608,9,10,60,32,0,800,48000
346,"2026-06-08",20260608,10,2,124,17,0,1500,186000
347,"2026-06-08",20260608,11,18,124,20,0,400,49600
348,"2026-06-08",20260608,12,10,73,26,0,1000,73000
349,"2026-06-08",20260608,13,28,193,28,0,210,40530
350,"2026-06-08",20260608,14,27,154,16,0,680,104720
351,"2026-06-08",20260608,15,7,67,35,0,430,28810
352,"2026-06-08",20260608,16,28,176,34,0,25,4400
353,"2026-06-07",20260607,1,29,124,42,0,150,18600
354,"2026-06-07",20260607,2,8,75,19,0,50,3750
355,"2026-06-07",20260607,3,35,113,21,0,30,3390
356,"2026-06-07",20260607,4,17,40,22,0,20,800
357,"2026-06-07",20260607,5,28,49,42,0,380,18620
358,"2026-06-07",20260607,6,32,175,48,0,520,91000
359,"2026-06-07",20260607,7,7,49,44,0,190,9310
360,"2026-06-07",20260607,8,23,14,22,1,110,1540
361,"2026-06-07",20260607,9,7,153,32,0,800,122400
362,"2026-06-07",20260607,10,19,178,17,0,1500,267000
363,"2026-06-07",20260607,11,31,89,20,0,400,35600
364,"2026-06-07",20260607,12,22,186,26,0,1000,186000
365,"2026-06-07",20260607,13,27,175,28,0,210,36750
366,"2026-06-07",20260607,14,30,42,16,0,680,28560
367,"2026-06-07",20260607,15,29,58,35,0,430,24940
368,"2026-06-07",20260607,16,29,71,34,0,25,1775
369,"2026-06-06",20260606,1,27,116,42,0,150,17400
370,"2026-06-06",20260606,2,5,115,19,0,50,5750
371,"2026-06-06",20260606,3,34,94,21,0,30,2820
372,"2026-06-06",20260606,4,19,51,22,0,20,1020
373,"2026-06-06",20260606,5,2,86,42,0,380,32680
374,"2026-06-06",20260606,6,12,82,48,0,520,42640
375,"2026-06-06",20260606,7,7,30,44,1,190,5700
376,"2026-06-06",20260606,8,31,130,22,0,110,14300
377,"2026-06-06",20260606,9,22,110,32,0,800,88000
378,"2026-06-06",20260606,10,26,113,17,0,1500,169500
379,"2026-06-06",20260606,11,10,180,20,0,400,72000
380,"2026-06-06",20260606,12,6,157,26,0,1000,157000
381,"2026-06-06",20260606,13,30,56,28,0,210,11760
382,"2026-06-06",20260606,14,19,179,16,0,680,121720
383,"2026-06-06",20260606,15,30,165,35,0,430,70950
384,"2026-06-06",20260606,16,33,132,34,0,25,3300
385,"2026-06-05",20260605,1,2,89,42,0,150,13350
386,"2026-06-05",20260605,2,14,70,19,0,50,3500
387,"2026-06-05",20260605,3,25,132,21,0,30,3960
388,"2026-06-05",20260605,4,18,97,22,0,20,1940
389,"2026-06-05",20260605,5,4,125,42,0,380,47500
390,"2026-06-05",20260605,6,13,184,48,0,520,95680
391,"2026-06-05",20260605,7,19,196,44,0,190,37240
392,"2026-06-05",20260605,8,11,174,22,0,110,19140
393,"2026-06-05",20260605,9,32,127,32,0,800,101600
394,"2026-06-05",20260605,10,6,189,17,0,1500,283500
395,"2026-06-05",20260605,11,9,13,20,1,400,5200
396,"2026-06-05",20260605,12,27,151,26,0,1000,151000
397,"2026-06-05",20260605,13,3,117,28,0,210,24570
398,"2026-06-05",20260605,14,12,150,16,0,680,102000
399,"2026-06-05",20260605,15,19,38,35,0,430,16340
400,"2026-06-05",20260605,16,7,124,34,0,25,3100
401,"2026-06-04",20260604,1,27,153,42,0,150,22950
402,"2026-06-04",20260604,2,22,14,19,1,50,700
403,"2026-06-04",20260604,3,5,72,21,0,30,2160
404,"2026-06-04",20260604,4,31,119,22,0,20,2380
405,"2026-06-04",20260604,5,20,18,42,1,380,6840
406,"2026-06-04",20260604,6,10,193,48,0,520,100360
407,"2026-06-04",20260604,7,25,161,44,0,190,30590
408,"2026-06-04",20260604,8,5,17,22,1,110,1870
409,"2026-06-04",20260604,9,8,150,32,0,800,120000
410,"2026-06-04",20260604,10,8,37,17,0,1500,55500
411,"2026-06-04",20260604,11,2,189,20,0,400,75600
412,"2026-06-04",20260604,12,30,115,26,0,1000,115000
413,"2026-06-04",20260604,13,23,167,28,0,210,35070
414,"2026-06-04",20260604,14,3,37,16,0,680,25160
415,"2026-06-04",20260604,15,19,150,35,0,430,64500
416,"2026-06-04",20260604,16,21,136,34,0,25,3400
417,"2026-06-03",20260603,1,1,31,42,1,150,4650
418,"2026-06-03",20260603,2,15,99,19,0,50,4950
419,"2026-06-03",20260603,3,29,179,21,0,30,5370
420,"2026-06-03",20260603,4,7,55,22,0,20,1100
421,"2026-06-03",20260603,5,21,109,42,0,380,41420
422,"2026-06-03",20260603,6,16,137,48,0,520,71240
423,"2026-06-03",20260603,7,2,194,44,0,190,36860
424,"2026-06-03",20260603,8,24,165,22,0,110,18150
425,"2026-06-03",20260603,9,8,36,32,0,800,28800
426,"2026-06-03",20260603,10,16,187,17,0,1500,280500
427,"2026-06-03",20260603,11,5,45,20,0,400,18000
428,"2026-06-03",20260603,12,25,149,26,0,1000,149000
429,"2026-06-03",20260603,13,2,185,28,0,210,38850
430,"2026-06-03",20260603,14,32,177,16,0,680,120360
431,"2026-06-03",20260603,15,33,157,35,0,430,67510
432,"2026-06-03",20260603,16,22,148,34,0,25,3700
433,"2026-06-02",20260602,1,9,113,42,0,150,16950
434,"2026-06-02",20260602,2,14,154,19,0,50,7700
435,"2026-06-02",20260602,3,2,171,21,0,30,5130
436,"2026-06-02",20260602,4,28,19,22,1,20,380
437,"2026-06-02",20260602,5,17,110,42,0,380,41800
438,"2026-06-02",20260602,6,27,53,48,0,520,27560
439,"2026-06-02",20260602,7,21,86,44,0,190,16340
440,"2026-06-02",20260602,8,15,162,22,0,110,17820
441,"2026-06-02",20260602,9,27,73,32,0,800,58400
442,"2026-06-02",20260602,10,32,94,17,0,1500,141000
443,"2026-06-02",20260602,11,17,90,20,0,400,36000
444,"2026-06-02",20260602,12,11,35,26,0,1000,35000
445,"2026-06-02",20260602,13,11,132,28,0,210,27720
446,"2026-06-02",20260602,14,16,198,16,0,680,134640
447,"2026-06-02",20260602,15,21,53,35,0,430,22790
448,"2026-06-02",20260602,16,21,197,34,0,25,4925
449,"2026-06-01",20260601,1,8,10,42,1,150,1500
450,"2026-06-01",20260601,2,10,63,19,0,50,3150
451,"2026-06-01",20260601,3,29,61,21,0,30,1830
452,"2026-06-01",20260601,4,17,124,22,0,20,2480
453,"2026-06-01",20260601,5,35,67,42,0,380,25460
454,"2026-06-01",20260601,6,17,130,48,0,520,67600
455,"2026-06-01",20260601,7,6,54,44,0,190,10260
456,"2026-06-01",20260601,8,12,17,22,1,110,1870
457,"2026-06-01",20260601,9,10,197,32,0,800,157600
458,"2026-06-01",20260601,10,23,86,17,0,1500,129000
459,"2026-06-01",20260601,11,32,15,20,1,400,6000
460,"2026-06-01",20260601,12,11,177,26,0,1000,177000
461,"2026-06-01",20260601,13,14,30,28,0,210,6300
462,"2026-06-01",20260601,14,20,121,16,0,680,82280
463,"2026-06-01",20260601,15,31,28,35,1,430,12040
464,"2026-06-01",20260601,16,7,32,34,1,25,800
465,"2026-05-31",20260531,1,22,37,42,1,150,5550
466,"2026-05-31",20260531,2,29,87,19,0,50,4350
467,"2026-05-31",20260531,3,4,137,21,0,30,4110
468,"2026-05-31",20260531,4,29,15,22,1,20,300
469,"2026-05-31",20260531,5,28,169,42,0,380,64220
470,"2026-05-31",20260531,6,25,14,48,1,520,7280
471,"2026-05-31",20260531,7,13,157,44,0,190,29830
472,"2026-05-31",20260531,8,16,75,22,0,110,8250
473,"2026-05-31",20260531,9,24,102,32,0,800,81600
474,"2026-05-31",20260531,10,12,148,17,0,1500,222000
475,"2026-05-31",20260531,11,21,144,20,0,400,57600
476,"2026-05-31",20260531,12,11,165,26,0,1000,165000
477,"2026-05-31",20260531,13,29,149,28,0,210,31290
478,"2026-05-31",20260531,14,24,62,16,0,680,42160
479,"2026-05-31",20260531,15,21,120,35,0,430,51600
480,"2026-05-31",20260531,16,27,17,34,1,25,425
481,"2026-05-30",20260530,1,18,137,42,0,150,20550
482,"2026-05-30",20260530,2,7,167,19,0,50,8350
483,"2026-05-30",20260530,3,23,72,21,0,30,2160
484,"2026-05-30",20260530,4,19,57,22,0,20,1140
485,"2026-05-30",20260530,5,4,128,42,0,380,48640
486,"2026-05-30",20260530,6,26,157,48,0,520,81640
487,"2026-05-30",20260530,7,3,168,44,0,190,31920
488,"2026-05-30",20260530,8,7,105,22,0,110,11550
489,"2026-05-30",20260530,9,29,38,32,0,800,30400
490,"2026-05-30",20260530,10,6,169,17,0,1500,253500
491,"2026-05-30",20260530,11,3,154,20,0,400,61600
492,"2026-05-30",20260530,12,8,52,26,0,1000,52000
493,"2026-05-30",20260530,13,21,90,28,0,210,18900
494,"2026-05-30",20260530,14,30,18,16,0,680,12240
495,"2026-05-30",20260530,15,30,185,35,0,430,79550
496,"2026-05-30",20260530,16,17,96,34,0,25,2400
497,"2026-05-29",20260529,1,7,41,42,1,150,6150
498,"2026-05-29",20260529,2,1,98,19,0,50,4900
499,"2026-05-29",20260529,3,17,28,21,0,30,840
500,"2026-05-29",20260529,4,15,190,22,0,20,3800
501,"2026-05-29",20260529,5,28,108,42,0,380,41040
502,"2026-05-29",20260529,6,9,141,48,0,520,73320
503,"2026-05-29",20260529,7,24,132,44,0,190,25080
504,"2026-05-29",20260529,8,35,108,22,0,110,11880
505,"2026-05-29",20260529,9,21,99,32,0,800,79200
506,"2026-05-29",20260529,10,14,187,17,0,1500,280500
507,"2026-05-29",20260529,11,1,33,20,0,400,13200
508,"2026-05-29",20260529,12,9,72,26,0,1000,72000
509,"2026-05-29",20260529,13,29,131,28,0,210,27510
510,"2026-05-29",20260529,14,7,104,16,0,680,70720
511,"2026-05-29",20260529,15,27,141,35,0,430,60630
512,"2026-05-29",20260529,16,4,167,34,0,25,4175
513,"2026-05-28",20260528,1,22,77,42,0,150,11550
514,"2026-05-28",20260528,2,3,109,19,0,50,5450
515,"2026-05-28",20260528,3,29,126,21,0,30,3780
516,"2026-05-28",20260528,4,21,60,22,0,20,1200
517,"2026-05-28",20260528,5,13,32,42,1,380,12160
518,"2026-05-28",20260528,6,7,181,48,0,520,94120
519,"2026-05-28",20260528,7,12,90,44,0,190,17100
520,"2026-05-28",20260528,8,7,146,22,0,110,16060
521,"2026-05-28",20260528,9,8,188,32,0,800,150400
522,"2026-05-28",20260528,10,25,129,17,0,1500,193500
523,"2026-05-28",20260528,11,30,178,20,0,400,71200
524,"2026-05-28",20260528,12,22,105,26,0,1000,105000
525,"2026-05-28",20260528,13,34,159,28,0,210,33390
526,"2026-05-28",20260528,14,5,173,16,0,680,117640
527,"2026-05-28",20260528,15,3,85,35,0,430,36550
528,"2026-05-28",20260528,16,20,121,34,0,25,3025
529,"2026-05-27",20260527,1,34,158,42,0,150,23700
530,"2026-05-27",20260527,2,9,124,19,0,50,6200
531,"2026-05-27",20260527,3,3,101,21,0,30,3030
532,"2026-05-27",20260527,4,10,57,22,0,20,1140
533,"2026-05-27",20260527,5,6,193,42,0,380,73340
534,"2026-05-27",20260527,6,33,122,48,0,520,63440
535,"2026-05-27",20260527,7,16,62,44,0,190,11780
536,"2026-05-27",20260527,8,31,58,22,0,110,6380
537,"2026-05-27",20260527,9,26,154,32,0,800,123200
538,"2026-05-27",20260527,10,21,191,17,0,1500,286500
539,"2026-05-27",20260527,11,31,185,20,0,400,74000
540,"2026-05-27",20260527,12,32,197,26,0,1000,197000
541,"2026-05-27",20260527,13,33,25,28,1,210,5250
542,"2026-05-27",20260527,14,32,90,16,0,680,61200
543,"2026-05-27",20260527,15,2,131,35,0,430,56330
544,"2026-05-27",20260527,16,12,105,34,0,25,2625
545,"2026-05-26",20260526,1,5,198,42,0,150,29700
546,"2026-05-26",20260526,2,17,195,19,0,50,9750
547,"2026-05-26",20260526,3,12,157,21,0,30,4710
548,"2026-05-26",20260526,4,24,78,22,0,20,1560
549,"2026-05-26",20260526,5,17,27,42,1,380,10260
550,"2026-05-26",20260526,6,29,123,48,0,520,63960
551,"2026-05-26",20260526,7,15,128,44,0,190,24320
552,"2026-05-26",20260526,8,18,14,22,1,110,1540
553,"2026-05-26",20260526,9,25,153,32,0,800,122400
554,"2026-05-26",20260526,10,15,39,17,0,1500,58500
555,"2026-05-26",20260526,11,10,10,20,1,400,4000
556,"2026-05-26",20260526,12,22,129,26,0,1000,129000
557,"2026-05-26",20260526,13,2,16,28,1,210,3360
558,"2026-05-26",20260526,14,21,163,16,0,680,110840
559,"2026-05-26",20260526,15,3,194,35,0,430,83420
560,"2026-05-26",20260526,16,13,149,34,0,25,3725
561,"2026-05-25",20260525,1,10,178,42,0,150,26700
562,"2026-05-25",20260525,2,5,150,19,0,50,7500
563,"2026-05-25",20260525,3,25,16,21,1,30,480
564,"2026-05-25",20260525,4,27,137,22,0,20,2740
565,"2026-05-25",20260525,5,15,138,42,0,380,52440
566,"2026-05-25",20260525,6,2,197,48,0,520,102440
567,"2026-05-25",20260525,7,13,130,44,0,190,24700
568,"2026-05-25",20260525,8,24,110,22,0,110,12100
569,"2026-05-25",20260525,9,31,94,32,0,800,75200
570,"2026-05-25",20260525,10,9,188,17,0,1500,282000
571,"2026-05-25",20260525,11,1,183,20,0,400,73200
572,"2026-05-25",20260525,12,6,162,26,0,1000,162000
573,"2026-05-25",20260525,13,20,72,28,0,210,15120
574,"2026-05-25",20260525,14,17,118,16,0,680,80240
575,"2026-05-25",20260525,15,19,10,35,1,430,4300
576,"2026-05-25",20260525,16,25,121,34,0,25,3025
577,"2026-05-24",20260524,1,10,45,42,0,150,6750
578,"2026-05-24",20260524,2,25,39,19,0,50,1950
579,"2026-05-24",20260524,3,17,92,21,0,30,2760
580,"2026-05-24",20260524,4,25,84,22,0,20,1680
581,"2026-05-24",20260524,5,10,156,42,0,380,59280
582,"2026-05-24",20260524,6,3,132,48,0,520,68640
583,"2026-05-24",20260524,7,11,24,44,1,190,4560
584,"2026-05-24",20260524,8,20,197,22,0,110,21670
585,"2026-05-24",20260524,9,34,167,32,0,800,133600
586,"2026-05-24",20260524,10,1,123,17,0,1500,184500
587,"2026-05-24",20260524,11,1,30,20,0,400,12000
588,"2026-05-24",20260524,12,25,145,26,0,1000,145000
589,"2026-05-24",20260524,13,20,63,28,0,210,13230
590,"2026-05-24",20260524,14,19,176,16,0,680,119680
591,"2026-05-24",20260524,15,26,49,35,0,430,21070
592,"2026-05-24",20260524,16,30,99,34,0,25,2475
593,"2026-05-23",20260523,1,16,153,42,0,150,22950
594,"2026-05-23",20260523,2,9,19,19,1,50,950
595,"2026-05-23",20260523,3,35,82,21,0,30,2460
596,"2026-05-23",20260523,4,22,170,22,0,20,3400
597,"2026-05-23",20260523,5,4,117,42,0,380,44460
598,"2026-05-23",20260523,6,12,73,48,0,520,37960
599,"2026-05-23",20260523,7,31,39,44,1,190,7410
600,"2026-05-23",20260523,8,3,165,22,0,110,18150
601,"2026-05-23",20260523,9,30,67,32,0,800,53600
602,"2026-05-23",20260523,10,10,42,17,0,1500,63000
603,"2026-05-23",20260523,11,35,189,20,0,400,75600
604,"2026-05-23",20260523,12,32,85,26,0,1000,85000
605,"2026-05-23",20260523,13,4,114,28,0,210,23940
606,"2026-05-23",20260523,14,23,164,16,0,680,111520
607,"2026-05-23",20260523,15,24,181,35,0,430,77830
608,"2026-05-23",20260523,16,26,126,34,0,25,3150
609,"2026-05-22",20260522,1,28,139,42,0,150,20850
610,"2026-05-22",20260522,2,8,87,19,0,50,4350
611,"2026-05-22",20260522,3,8,154,21,0,30,4620
612,"2026-05-22",20260522,4,8,50,22,0,20,1000
613,"2026-05-22",20260522,5,27,135,42,0,380,51300
614,"2026-05-22",20260522,6,22,72,48,0,520,37440
615,"2026-05-22",20260522,7,13,68,44,0,190,12920
616,"2026-05-22",20260522,8,13,111,22,0,110,12210
617,"2026-05-22",20260522,9,19,15,32,1,800,12000
618,"2026-05-22",20260522,10,24,62,17,0,1500,93000
619,"2026-05-22",20260522,11,23,53,20,0,400,21200
620,"2026-05-22",20260522,12,6,48,26,0,1000,48000
621,"2026-05-22",20260522,13,13,118,28,0,210,24780
622,"2026-05-22",20260522,14,27,119,16,0,680,80920
623,"2026-05-22",20260522,15,4,158,35,0,430,67940
624,"2026-05-22",20260522,16,20,196,34,0,25,4900
625,"2026-05-21",20260521,1,35,118,42,0,150,17700
626,"2026-05-21",20260521,2,14,49,19,0,50,2450
627,"2026-05-21",20260521,3,29,162,21,0,30,4860
628,"2026-05-21",20260521,4,30,121,22,0,20,2420
629,"2026-05-21",20260521,5,32,45,42,0,380,17100
630,"2026-05-21",20260521,6,25,10,48,1,520,5200
631,"2026-05-21",20260521,7,22,150,44,0,190,28500
632,"2026-05-21",20260521,8,9,95,22,0,110,10450
633,"2026-05-21",20260521,9,14,113,32,0,800,90400
634,"2026-05-21",20260521,10,9,46,17,0,1500,69000
635,"2026-05-21",20260521,11,22,188,20,0,400,75200
636,"2026-05-21",20260521,12,5,37,26,0,1000,37000
637,"2026-05-21",20260521,13,1,142,28,0,210,29820
638,"2026-05-21",20260521,14,15,149,16,0,680,101320
639,"2026-05-21",20260521,15,1,175,35,0,430,75250
640,"2026-05-21",20260521,16,26,168,34,0,25,4200
641,"2026-05-20",20260520,1,7,174,42,0,150,26100
642,"2026-05-20",20260520,2,18,108,19,0,50,5400
643,"2026-05-20",20260520,3,28,166,21,0,30,4980
644,"2026-05-20",20260520,4,22,186,22,0,20,3720
645,"2026-05-20",20260520,5,26,112,42,0,380,42560
646,"2026-05-20",20260520,6,22,22,48,1,520,11440
647,"2026-05-20",20260520,7,8,34,44,1,190,6460
648,"2026-05-20",20260520,8,5,198,22,0,110,21780
649,"2026-05-20",20260520,9,32,132,32,0,800,105600
650,"2026-05-20",20260520,10,29,151,17,0,1500,226500
651,"2026-05-20",20260520,11,7,141,20,0,400,56400
652,"2026-05-20",20260520,12,9,128,26,0,1000,128000
653,"2026-05-20",20260520,13,25,99,28,0,210,20790
654,"2026-05-20",20260520,14,26,49,16,0,680,33320
655,"2026-05-20",20260520,15,16,87,35,0,430,37410
656,"2026-05-20",20260520,16,20,11,34,1,25,275
657,"2026-05-19",20260519,1,30,122,42,0,150,18300
658,"2026-05-19",20260519,2,6,73,19,0,50,3650
659,"2026-05-19",20260519,3,21,60,21,0,30,1800
660,"2026-05-19",20260519,4,20,103,22,0,20,2060
661,"2026-05-19",20260519,5,12,71,42,0,380,26980
662,"2026-05-19",20260519,6,33,180,48,0,520,93600
663,"2026-05-19",20260519,7,35,13,44,1,190,2470
664,"2026-05-19",20260519,8,24,116,22,0,110,12760
665,"2026-05-19",20260519,9,11,102,32,0,800,81600
666,"2026-05-19",20260519,10,29,91,17,0,1500,136500
667,"2026-05-19",20260519,11,7,73,20,0,400,29200
668,"2026-05-19",20260519,12,19,60,26,0,1000,60000
669,"2026-05-19",20260519,13,34,14,28,1,210,2940
670,"2026-05-19",20260519,14,12,27,16,0,680,18360
671,"2026-05-19",20260519,15,25,51,35,0,430,21930
672,"2026-05-19",20260519,16,31,143,34,0,25,3575
673,"2026-05-18",20260518,1,35,47,42,0,150,7050
674,"2026-05-18",20260518,2,11,100,19,0,50,5000
675,"2026-05-18",20260518,3,22,113,21,0,30,3390
676,"2026-05-18",20260518,4,31,85,22,0,20,1700
677,"2026-05-18",20260518,5,17,23,42,1,380,8740
678,"2026-05-18",20260518,6,31,105,48,0,520,54600
679,"2026-05-18",20260518,7,3,151,44,0,190,28690
680,"2026-05-18",20260518,8,32,154,22,0,110,16940
681,"2026-05-18",20260518,9,15,70,32,0,800,56000
682,"2026-05-18",20260518,10,7,17,17,1,1500,25500
683,"2026-05-18",20260518,11,32,91,20,0,400,36400
684,"2026-05-18",20260518,12,28,45,26,0,1000,45000
685,"2026-05-18",20260518,13,6,86,28,0,210,18060
686,"2026-05-18",20260518,14,27,132,16,0,680,89760
687,"2026-05-18",20260518,15,19,78,35,0,430,33540
688,"2026-05-18",20260518,16,22,133,34,0,25,3325
689,"2026-05-17",20260517,1,15,92,42,0,150,13800
690,"2026-05-17",20260517,2,32,70,19,0,50,3500
691,"2026-05-17",20260517,3,4,87,21,0,30,2610
692,"2026-05-17",20260517,4,4,20,22,1,20,400
693,"2026-05-17",20260517,5,11,104,42,0,380,39520
694,"2026-05-17",20260517,6,1,79,48,0,520,41080
695,"2026-05-17",20260517,7,25,132,44,0,190,25080
696,"2026-05-17",20260517,8,12,58,22,0,110,6380
697,"2026-05-17",20260517,9,5,180,32,0,800,144000
698,"2026-05-17",20260517,10,15,111,17,0,1500,166500
699,"2026-05-17",20260517,11,25,82,20,0,400,32800
700,"2026-05-17",20260517,12,27,49,26,0,1000,49000
701,"2026-05-17",20260517,13,12,133,28,0,210,27930
702,"2026-05-17",20260517,14,12,21,16,0,680,14280
703,"2026-05-17",20260517,15,8,57,35,0,430,24510
704,"2026-05-17",20260517,16,34,104,34,0,25,2600
705,"2026-05-16",20260516,1,11,157,42,0,150,23550
706,"2026-05-16",20260516,2,23,99,19,0,50,4950
707,"2026-05-16",20260516,3,12,23,21,0,30,690
708,"2026-05-16",20260516,4,32,179,22,0,20,3580
709,"2026-05-16",20260516,5,27,158,42,0,380,60040
710,"2026-05-16",20260516,6,12,20,48,1,520,10400
711,"2026-05-16",20260516,7,28,111,44,0,190,21090
712,"2026-05-16",20260516,8,25,190,22,0,110,20900
713,"2026-05-16",20260516,9,10,81,32,0,800,64800
714,"2026-05-16",20260516,10,4,164,17,0,1500,246000
715,"2026-05-16",20260516,11,7,112,20,0,400,44800
716,"2026-05-16",20260516,12,17,168,26,0,1000,168000
717,"2026-05-16",20260516,13,14,143,28,0,210,30030
718,"2026-05-16",20260516,14,35,91,16,0,680,61880
719,"2026-05-16",20260516,15,19,193,35,0,430,82990
720,"2026-05-16",20260516,16,8,80,34,0,25,2000
721,"2026-05-15",20260515,1,18,197,42,0,150,29550
722,"2026-05-15",20260515,2,20,24,19,0,50,1200
723,"2026-05-15",20260515,3,34,77,21,0,30,2310
724,"2026-05-15",20260515,4,11,25,22,0,20,500
725,"2026-05-15",20260515,5,19,101,42,0,380,38380
726,"2026-05-15",20260515,6,25,196,48,0,520,101920
727,"2026-05-15",20260515,7,24,10,44,1,190,1900
728,"2026-05-15",20260515,8,11,179,22,0,110,19690
729,"2026-05-15",20260515,9,33,92,32,0,800,73600
730,"2026-05-15",20260515,10,4,140,17,0,1500,210000
731,"2026-05-15",20260515,11,2,68,20,0,400,27200
732,"2026-05-15",20260515,12,27,15,26,1,1000,15000
733,"2026-05-15",20260515,13,34,61,28,0,210,12810
734,"2026-05-15",20260515,14,33,91,16,0,680,61880
735,"2026-05-15",20260515,15,23,62,35,0,430,26660
736,"2026-05-15",20260515,16,9,192,34,0,25,4800
737,"2026-05-14",20260514,1,30,70,42,0,150,10500
738,"2026-05-14",20260514,2,9,24,19,0,50,1200
739,"2026-05-14",20260514,3,13,44,21,0,30,1320
740,"2026-05-14",20260514,4,27,60,22,0,20,1200
741,"2026-05-14",20260514,5,4,129,42,0,380,49020
742,"2026-05-14",20260514,6,22,131,48,0,520,68120
743,"2026-05-14",20260514,7,19,129,44,0,190,24510
744,"2026-05-14",20260514,8,35,21,22,1,110,2310
745,"2026-05-14",20260514,9,12,86,32,0,800,68800
746,"2026-05-14",20260514,10,30,37,17,0,1500,55500
747,"2026-05-14",20260514,11,26,113,20,0,400,45200
748,"2026-05-14",20260514,12,4,143,26,0,1000,143000
749,"2026-05-14",20260514,13,17,196,28,0,210,41160
750,"2026-05-14",20260514,14,1,100,16,0,680,68000
751,"2026-05-14",20260514,15,28,43,35,0,430,18490
752,"2026-05-14",20260514,16,3,99,34,0,25,2475
753,"2026-05-13",20260513,1,13,69,42,0,150,10350
754,"2026-05-13",20260513,2,8,175,19,0,50,8750
755,"2026-05-13",20260513,3,32,143,21,0,30,4290
756,"2026-05-13",20260513,4,25,158,22,0,20,3160
757,"2026-05-13",20260513,5,30,26,42,1,380,9880
758,"2026-05-13",20260513,6,31,159,48,0,520,82680
759,"2026-05-13",20260513,7,22,55,44,0,190,10450
760,"2026-05-13",20260513,8,7,141,22,0,110,15510
761,"2026-05-13",20260513,9,34,126,32,0,800,100800
762,"2026-05-13",20260513,10,25,133,17,0,1500,199500
763,"2026-05-13",20260513,11,13,158,20,0,400,63200
764,"2026-05-13",20260513,12,34,112,26,0,1000,112000
765,"2026-05-13",20260513,13,33,30,28,0,210,6300
766,"2026-05-13",20260513,14,2,54,16,0,680,36720
767,"2026-05-13",20260513,15,33,181,35,0,430,77830
768,"2026-05-13",20260513,16,19,71,34,0,25,1775
769,"2026-05-12",20260512,1,4,72,42,0,150,10800
770,"2026-05-12",20260512,2,27,172,19,0,50,8600
771,"2026-05-12",20260512,3,10,84,21,0,30,2520
772,"2026-05-12",20260512,4,22,82,22,0,20,1640
773,"2026-05-12",20260512,5,22,177,42,0,380,67260
774,"2026-05-12",20260512,6,4,129,48,0,520,67080
775,"2026-05-12",20260512,7,3,104,44,0,190,19760
776,"2026-05-12",20260512,8,30,37,22,0,110,4070
777,"2026-05-12",20260512,9,14,144,32,0,800,115200
778,"2026-05-12",20260512,10,28,31,17,0,1500,46500
779,"2026-05-12",20260512,11,2,108,20,0,400,43200
780,"2026-05-12",20260512,12,2,162,26,0,1000,162000
781,"2026-05-12",20260512,13,33,178,28,0,210,37380
782,"2026-05-12",20260512,14,18,25,16,0,680,17000
783,"2026-05-12",20260512,15,27,188,35,0,430,80840
784,"2026-05-12",20260512,16,32,37,34,0,25,925
785,"2026-05-11",20260511,1,17,153,42,0,150,22950
786,"2026-05-11",20260511,2,31,40,19,0,50,2000
787,"2026-05-11",20260511,3,26,110,21,0,30,3300
788,"2026-05-11",20260511,4,21,85,22,0,20,1700
789,"2026-05-11",20260511,5,17,112,42,0,380,42560
790,"2026-05-11",20260511,6,22,156,48,0,520,81120
791,"2026-05-11",20260511,7,28,97,44,0,190,18430
792,"2026-05-11",20260511,8,32,171,22,0,110,18810
793,"2026-05-11",20260511,9,6,123,32,0,800,98400
794,"2026-05-11",20260511,10,4,110,17,0,1500,165000
795,"2026-05-11",20260511,11,9,59,20,0,400,23600
796,"2026-05-11",20260511,12,18,82,26,0,1000,82000
797,"2026-05-11",20260511,13,30,134,28,0,210,28140
798,"2026-05-11",20260511,14,24,105,16,0,680,71400
799,"2026-05-11",20260511,15,22,15,35,1,430,6450
800,"2026-05-11",20260511,16,4,51,34,0,25,1275
801,"2026-05-10",20260510,1,2,157,42,0,150,23550
802,"2026-05-10",20260510,2,15,47,19,0,50,2350
803,"2026-05-10",20260510,3,21,88,21,0,30,2640
804,"2026-05-10",20260510,4,19,75,22,0,20,1500
805,"2026-05-10",20260510,5,22,81,42,0,380,30780
806,"2026-05-10",20260510,6,6,131,48,0,520,68120
807,"2026-05-10",20260510,7,5,13,44,1,190,2470
808,"2026-05-10",20260510,8,23,137,22,0,110,15070
809,"2026-05-10",20260510,9,25,72,32,0,800,57600
810,"2026-05-10",20260510,10,11,107,17,0,1500,160500
811,"2026-05-10",20260510,11,29,50,20,0,400,20000
812,"2026-05-10",20260510,12,31,46,26,0,1000,46000
813,"2026-05-10",20260510,13,16,165,28,0,210,34650
814,"2026-05-10",20260510,14,16,94,16,0,680,63920
815,"2026-05-10",20260510,15,30,42,35,0,430,18060
816,"2026-05-10",20260510,16,25,176,34,0,25,4400
817,"2026-05-09",20260509,1,12,88,42,0,150,13200
818,"2026-05-09",20260509,2,24,149,19,0,50,7450
819,"2026-05-09",20260509,3,14,138,21,0,30,4140
820,"2026-05-09",20260509,4,2,193,22,0,20,3860
821,"2026-05-09",20260509,5,35,181,42,0,380,68780
822,"2026-05-09",20260509,6,6,131,48,0,520,68120
823,"2026-05-09",20260509,7,21,87,44,0,190,16530
824,"2026-05-09",20260509,8,30,93,22,0,110,10230
825,"2026-05-09",20260509,9,33,111,32,0,800,88800
826,"2026-05-09",20260509,10,10,143,17,0,1500,214500
827,"2026-05-09",20260509,11,21,160,20,0,400,64000
828,"2026-05-09",20260509,12,11,37,26,0,1000,37000
829,"2026-05-09",20260509,13,23,103,28,0,210,21630
830,"2026-05-09",20260509,14,8,78,16,0,680,53040
831,"2026-05-09",20260509,15,10,55,35,0,430,23650
832,"2026-05-09",20260509,16,8,199,34,0,25,4975
833,"2026-05-08",20260508,1,26,126,42,0,150,18900
834,"2026-05-08",20260508,2,29,53,19,0,50,2650
835,"2026-05-08",20260508,3,34,95,21,0,30,2850
836,"2026-05-08",20260508,4,35,113,22,0,20,2260
837,"2026-05-08",20260508,5,8,138,42,0,380,52440
838,"2026-05-08",20260508,6,9,103,48,0,520,53560
839,"2026-05-08",20260508,7,11,78,44,0,190,14820
840,"2026-05-08",20260508,8,21,88,22,0,110,9680
841,"2026-05-08",20260508,9,21,91,32,0,800,72800
842,"2026-05-08",20260508,10,12,194,17,0,1500,291000
843,"2026-05-08",20260508,11,11,114,20,0,400,45600
844,"2026-05-08",20260508,12,14,59,26,0,1000,59000
845,"2026-05-08",20260508,13,18,123,28,0,210,25830
846,"2026-05-08",20260508,14,34,10,16,1,680,6800
847,"2026-05-08",20260508,15,12,117,35,0,430,50310
848,"2026-05-08",20260508,16,32,167,34,0,25,4175
849,"2026-05-07",20260507,1,15,192,42,0,150,28800
850,"2026-05-07",20260507,2,25,197,19,0,50,9850
851,"2026-05-07",20260507,3,14,75,21,0,30,2250
852,"2026-05-07",20260507,4,22,56,22,0,20,1120
853,"2026-05-07",20260507,5,29,50,42,0,380,19000
854,"2026-05-07",20260507,6,10,171,48,0,520,88920
855,"2026-05-07",20260507,7,2,81,44,0,190,15390
856,"2026-05-07",20260507,8,11,109,22,0,110,11990
857,"2026-05-07",20260507,9,1,30,32,1,800,24000
858,"2026-05-07",20260507,10,3,41,17,0,1500,61500
859,"2026-05-07",20260507,11,35,83,20,0,400,33200
860,"2026-05-07",20260507,12,3,61,26,0,1000,61000
861,"2026-05-07",20260507,13,24,103,28,0,210,21630
862,"2026-05-07",20260507,14,8,135,16,0,680,91800
863,"2026-05-07",20260507,15,6,112,35,0,430,48160
864,"2026-05-07",20260507,16,30,170,34,0,25,4250
865,"2026-05-06",20260506,1,19,18,42,1,150,2700
866,"2026-05-06",20260506,2,20,118,19,0,50,5900
867,"2026-05-06",20260506,3,12,78,21,0,30,2340
868,"2026-05-06",20260506,4,7,47,22,0,20,940
869,"2026-05-06",20260506,5,26,162,42,0,380,61560
870,"2026-05-06",20260506,6,24,33,48,1,520,17160
871,"2026-05-06",20260506,7,31,37,44,1,190,7030
872,"2026-05-06",20260506,8,29,191,22,0,110,21010
873,"2026-05-06",20260506,9,32,25,32,1,800,20000
874,"2026-05-06",20260506,10,29,64,17,0,1500,96000
875,"2026-05-06",20260506,11,10,141,20,0,400,56400
876,"2026-05-06",20260506,12,25,156,26,0,1000,156000
877,"2026-05-06",20260506,13,26,104,28,0,210,21840
878,"2026-05-06",20260506,14,19,66,16,0,680,44880
879,"2026-05-06",20260506,15,4,116,35,0,430,49880
880,"2026-05-06",20260506,16,2,188,34,0,25,4700
881,"2026-05-05",20260505,1,18,44,42,0,150,6600
882,"2026-05-05",20260505,2,19,194,19,0,50,9700
883,"2026-05-05",20260505,3,32,154,21,0,30,4620
884,"2026-05-05",20260505,4,6,89,22,0,20,1780
885,"2026-05-05",20260505,5,9,199,42,0,380,75620
886,"2026-05-05",20260505,6,32,77,48,0,520,40040
887,"2026-05-05",20260505,7,6,89,44,0,190,16910
888,"2026-05-05",20260505,8,11,91,22,0,110,10010
889,"2026-05-05",20260505,9,3,61,32,0,800,48800
890,"2026-05-05",20260505,10,33,25,17,0,1500,37500
891,"2026-05-05",20260505,11,27,109,20,0,400,43600
892,"2026-05-05",20260505,12,29,69,26,0,1000,69000
893,"2026-05-05",20260505,13,8,23,28,1,210,4830
894,"2026-05-05",20260505,14,18,160,16,0,680,108800
895,"2026-05-05",20260505,15,13,197,35,0,430,84710
896,"2026-05-05",20260505,16,10,68,34,0,25,1700
897,"2026-05-04",20260504,1,15,18,42,1,150,2700
898,"2026-05-04",20260504,2,13,168,19,0,50,8400
899,"2026-05-04",20260504,3,15,197,21,0,30,5910
900,"2026-05-04",20260504,4,6,197,22,0,20,3940
901,"2026-05-04",20260504,5,24,81,42,0,380,30780
902,"2026-05-04",20260504,6,29,40,48,1,520,20800
903,"2026-05-04",20260504,7,12,181,44,0,190,34390
904,"2026-05-04",20260504,8,6,43,22,0,110,4730
905,"2026-05-04",20260504,9,9,86,32,0,800,68800
906,"2026-05-04",20260504,10,34,196,17,0,1500,294000
907,"2026-05-04",20260504,11,32,152,20,0,400,60800
908,"2026-05-04",20260504,12,6,55,26,0,1000,55000
909,"2026-05-04",20260504,13,11,138,28,0,210,28980
910,"2026-05-04",20260504,14,22,34,16,0,680,23120
911,"2026-05-04",20260504,15,34,140,35,0,430,60200
912,"2026-05-04",20260504,16,10,22,34,1,25,550
913,"2026-05-03",20260503,1,22,178,42,0,150,26700
914,"2026-05-03",20260503,2,13,135,19,0,50,6750
915,"2026-05-03",20260503,3,14,148,21,0,30,4440
916,"2026-05-03",20260503,4,13,161,22,0,20,3220
917,"2026-05-03",20260503,5,30,53,42,0,380,20140
918,"2026-05-03",20260503,6,24,54,48,0,520,28080
919,"2026-05-03",20260503,7,13,65,44,0,190,12350
920,"2026-05-03",20260503,8,14,110,22,0,110,12100
921,"2026-05-03",20260503,9,26,166,32,0,800,132800
922,"2026-05-03",20260503,10,14,128,17,0,1500,192000
923,"2026-05-03",20260503,11,33,86,20,0,400,34400
924,"2026-05-03",20260503,12,11,126,26,0,1000,126000
925,"2026-05-03",20260503,13,1,104,28,0,210,21840
926,"2026-05-03",20260503,14,7,172,16,0,680,116960
927,"2026-05-03",20260503,15,7,101,35,0,430,43430
928,"2026-05-03",20260503,16,6,153,34,0,25,3825
929,"2026-05-02",20260502,1,14,14,42,1,150,2100
930,"2026-05-02",20260502,2,22,108,19,0,50,5400
931,"2026-05-02",20260502,3,26,31,21,0,30,930
932,"2026-05-02",20260502,4,24,173,22,0,20,3460
933,"2026-05-02",20260502,5,26,167,42,0,380,63460
934,"2026-05-02",20260502,6,10,186,48,0,520,96720
935,"2026-05-02",20260502,7,13,76,44,0,190,14440
936,"2026-05-02",20260502,8,35,41,22,0,110,4510
937,"2026-05-02",20260502,9,15,146,32,0,800,116800
938,"2026-05-02",20260502,10,27,170,17,0,1500,255000
939,"2026-05-02",20260502,11,24,183,20,0,400,73200
940,"2026-05-02",20260502,12,4,121,26,0,1000,121000
941,"2026-05-02",20260502,13,7,58,28,0,210,12180
942,"2026-05-02",20260502,14,12,156,16,0,680,106080
943,"2026-05-02",20260502,15,6,18,35,1,430,7740
944,"2026-05-02",20260502,16,11,53,34,0,25,1325
945,"2026-05-01",20260501,1,30,131,42,0,150,19650
946,"2026-05-01",20260501,2,33,72,19,0,50,3600
947,"2026-05-01",20260501,3,3,57,21,0,30,1710
948,"2026-05-01",20260501,4,3,186,22,0,20,3720
949,"2026-05-01",20260501,5,18,179,42,0,380,68020
950,"2026-05-01",20260501,6,21,116,48,0,520,60320
951,"2026-05-01",20260501,7,6,185,44,0,190,35150
952,"2026-05-01",20260501,8,31,49,22,0,110,5390
953,"2026-05-01",20260501,9,30,149,32,0,800,119200
954,"2026-05-01",20260501,10,26,94,17,0,1500,141000
955,"2026-05-01",20260501,11,30,198,20,0,400,79200
956,"2026-05-01",20260501,12,12,132,26,0,1000,132000
957,"2026-05-01",20260501,13,9,30,28,0,210,6300
958,"2026-05-01",20260501,14,4,54,16,0,680,36720
959,"2026-05-01",20260501,15,20,36,35,0,430,15480
960,"2026-05-01",20260501,16,5,43,34,0,25,1075
961,"2026-04-30",20260430,1,13,71,42,0,150,10650
962,"2026-04-30",20260430,2,9,195,19,0,50,9750
963,"2026-04-30",20260430,3,11,129,21,0,30,3870
964,"2026-04-30",20260430,4,29,68,22,0,20,1360
965,"2026-04-30",20260430,5,14,102,42,0,380,38760
966,"2026-04-30",20260430,6,18,173,48,0,520,89960
967,"2026-04-30",20260430,7,29,60,44,0,190,11400
968,"2026-04-30",20260430,8,27,13,22,1,110,1430
969,"2026-04-30",20260430,9,21,189,32,0,800,151200
970,"2026-04-30",20260430,10,23,17,17,1,1500,25500
971,"2026-04-30",20260430,11,34,106,20,0,400,42400
972,"2026-04-30",20260430,12,25,22,26,1,1000,22000
973,"2026-04-30",20260430,13,9,65,28,0,210,13650
974,"2026-04-30",20260430,14,31,178,16,0,680,121040
975,"2026-04-30",20260430,15,22,132,35,0,430,56760
976,"2026-04-30",20260430,16,19,19,34,1,25,475
977,"2026-04-29",20260429,1,7,188,42,0,150,28200
978,"2026-04-29",20260429,2,15,73,19,0,50,3650
979,"2026-04-29",20260429,3,34,188,21,0,30,5640
980,"2026-04-29",20260429,4,9,169,22,0,20,3380
981,"2026-04-29",20260429,5,23,190,42,0,380,72200
982,"2026-04-29",20260429,6,27,10,48,1,520,5200
983,"2026-04-29",20260429,7,10,110,44,0,190,20900
984,"2026-04-29",20260429,8,2,40,22,0,110,4400
985,"2026-04-29",20260429,9,23,167,32,0,800,133600
986,"2026-04-29",20260429,10,16,170,17,0,1500,255000
987,"2026-04-29",20260429,11,30,55,20,0,400,22000
988,"2026-04-29",20260429,12,26,25,26,1,1000,25000
989,"2026-04-29",20260429,13,30,110,28,0,210,23100
990,"2026-04-29",20260429,14,18,146,16,0,680,99280
991,"2026-04-29",20260429,15,14,67,35,0,430,28810
992,"2026-04-29",20260429,16,9,196,34,0,25,4900
993,"2026-04-28",20260428,1,1,59,42,0,150,8850
994,"2026-04-28",20260428,2,4,35,19,0,50,1750
995,"2026-04-28",20260428,3,11,34,21,0,30,1020
996,"2026-04-28",20260428,4,7,83,22,0,20,1660
997,"2026-04-28",20260428,5,29,85,42,0,380,32300
998,"2026-04-28",20260428,6,30,180,48,0,520,93600
999,"2026-04-28",20260428,7,12,93,44,0,190,17670
1000,"2026-04-28",20260428,8,2,33,22,0,110,3630
1001,"2026-04-28",20260428,9,7,156,32,0,800,124800
1002,"2026-04-28",20260428,10,10,39,17,0,1500,58500
1003,"2026-04-28",20260428,11,6,53,20,0,400,21200
1004,"2026-04-28",20260428,12,11,37,26,0,1000,37000
1005,"2026-04-28",20260428,13,14,165,28,0,210,34650
1006,"2026-04-28",20260428,14,32,128,16,0,680,87040
1007,"2026-04-28",20260428,15,33,161,35,0,430,69230
1008,"2026-04-28",20260428,16,29,14,34,1,25,350
1009,"2026-04-27",20260427,1,25,160,42,0,150,24000
1010,"2026-04-27",20260427,2,10,111,19,0,50,5550
1011,"2026-04-27",20260427,3,4,76,21,0,30,2280
1012,"2026-04-27",20260427,4,12,17,22,1,20,340
1013,"2026-04-27",20260427,5,5,158,42,0,380,60040
1014,"2026-04-27",20260427,6,28,155,48,0,520,80600
1015,"2026-04-27",20260427,7,29,88,44,0,190,16720
1016,"2026-04-27",20260427,8,8,14,22,1,110,1540
1017,"2026-04-27",20260427,9,24,87,32,0,800,69600
1018,"2026-04-27",20260427,10,32,54,17,0,1500,81000
1019,"2026-04-27",20260427,11,11,153,20,0,400,61200
1020,"2026-04-27",20260427,12,5,55,26,0,1000,55000
1021,"2026-04-27",20260427,13,9,112,28,0,210,23520
1022,"2026-04-27",20260427,14,6,11,16,1,680,7480
1023,"2026-04-27",20260427,15,25,94,35,0,430,40420
1024,"2026-04-27",20260427,16,22,48,34,0,25,1200
1025,"2026-04-26",20260426,1,2,101,42,0,150,15150
1026,"2026-04-26",20260426,2,27,105,19,0,50,5250
1027,"2026-04-26",20260426,3,6,176,21,0,30,5280
1028,"2026-04-26",20260426,4,12,34,22,0,20,680
1029,"2026-04-26",20260426,5,26,189,42,0,380,71820
1030,"2026-04-26",20260426,6,35,110,48,0,520,57200
1031,"2026-04-26",20260426,7,3,127,44,0,190,24130
1032,"2026-04-26",20260426,8,22,65,22,0,110,7150
1033,"2026-04-26",20260426,9,19,75,32,0,800,60000
1034,"2026-04-26",20260426,10,34,101,17,0,1500,151500
1035,"2026-04-26",20260426,11,18,37,20,0,400,14800
1036,"2026-04-26",20260426,12,28,156,26,0,1000,156000
1037,"2026-04-26",20260426,13,14,194,28,0,210,40740
1038,"2026-04-26",20260426,14,14,69,16,0,680,46920
1039,"2026-04-26",20260426,15,23,101,35,0,430,43430
1040,"2026-04-26",20260426,16,13,130,34,0,25,3250
1041,"2026-04-25",20260425,1,25,14,42,1,150,2100
1042,"2026-04-25",20260425,2,26,191,19,0,50,9550
1043,"2026-04-25",20260425,3,5,102,21,0,30,3060
1044,"2026-04-25",20260425,4,20,88,22,0,20,1760
1045,"2026-04-25",20260425,5,1,180,42,0,380,68400
1046,"2026-04-25",20260425,6,24,129,48,0,520,67080
1047,"2026-04-25",20260425,7,7,113,44,0,190,21470
1048,"2026-04-25",20260425,8,32,39,22,0,110,4290
1049,"2026-04-25",20260425,9,20,155,32,0,800,124000
1050,"2026-04-25",20260425,10,9,52,17,0,1500,78000
1051,"2026-04-25",20260425,11,15,173,20,0,400,69200
1052,"2026-04-25",20260425,12,32,58,26,0,1000,58000
1053,"2026-04-25",20260425,13,6,154,28,0,210,32340
1054,"2026-04-25",20260425,14,18,115,16,0,680,78200
1055,"2026-04-25",20260425,15,3,147,35,0,430,63210
1056,"2026-04-25",20260425,16,30,88,34,0,25,2200
1057,"2026-04-24",20260424,1,13,93,42,0,150,13950
1058,"2026-04-24",20260424,2,15,135,19,0,50,6750
1059,"2026-04-24",20260424,3,28,39,21,0,30,1170
1060,"2026-04-24",20260424,4,6,199,22,0,20,3980
1061,"2026-04-24",20260424,5,11,40,42,1,380,15200
1062,"2026-04-24",20260424,6,32,105,48,0,520,54600
1063,"2026-04-24",20260424,7,9,193,44,0,190,36670
1064,"2026-04-24",20260424,8,1,182,22,0,110,20020
1065,"2026-04-24",20260424,9,13,72,32,0,800,57600
1066,"2026-04-24",20260424,10,6,30,17,0,1500,45000
1067,"2026-04-24",20260424,11,11,129,20,0,400,51600
1068,"2026-04-24",20260424,12,3,130,26,0,1000,130000
1069,"2026-04-24",20260424,13,20,80,28,0,210,16800
1070,"2026-04-24",20260424,14,3,82,16,0,680,55760
1071,"2026-04-24",20260424,15,8,24,35,1,430,10320
1072,"2026-04-24",20260424,16,21,109,34,0,25,2725
1073,"2026-04-23",20260423,1,33,174,42,0,150,26100
1074,"2026-04-23",20260423,2,19,14,19,1,50,700
1075,"2026-04-23",20260423,3,22,135,21,0,30,4050
1076,"2026-04-23",20260423,4,9,64,22,0,20,1280
1077,"2026-04-23",20260423,5,35,21,42,1,380,7980
1078,"2026-04-23",20260423,6,7,168,48,0,520,87360
1079,"2026-04-23",20260423,7,16,98,44,0,190,18620
1080,"2026-04-23",20260423,8,34,18,22,1,110,1980
1081,"2026-04-23",20260423,9,33,91,32,0,800,72800
1082,"2026-04-23",20260423,10,24,190,17,0,1500,285000
1083,"2026-04-23",20260423,11,17,188,20,0,400,75200
1084,"2026-04-23",20260423,12,21,67,26,0,1000,67000
1085,"2026-04-23",20260423,13,25,150,28,0,210,31500
1086,"2026-04-23",20260423,14,17,125,16,0,680,85000
1087,"2026-04-23",20260423,15,29,120,35,0,430,51600
1088,"2026-04-23",20260423,16,25,100,34,0,25,2500
1089,"2026-04-22",20260422,1,7,22,42,1,150,3300
1090,"2026-04-22",20260422,2,6,156,19,0,50,7800
1091,"2026-04-22",20260422,3,14,92,21,0,30,2760
1092,"2026-04-22",20260422,4,11,101,22,0,20,2020
1093,"2026-04-22",20260422,5,31,168,42,0,380,63840
1094,"2026-04-22",20260422,6,8,120,48,0,520,62400
1095,"2026-04-22",20260422,7,13,170,44,0,190,32300
1096,"2026-04-22",20260422,8,25,108,22,0,110,11880
1097,"2026-04-22",20260422,9,10,84,32,0,800,67200
1098,"2026-04-22",20260422,10,16,179,17,0,1500,268500
1099,"2026-04-22",20260422,11,5,119,20,0,400,47600
1100,"2026-04-22",20260422,12,14,179,26,0,1000,179000
1101,"2026-04-22",20260422,13,14,146,28,0,210,30660
1102,"2026-04-22",20260422,14,3,115,16,0,680,78200
1103,"2026-04-22",20260422,15,22,41,35,0,430,17630
1104,"2026-04-22",20260422,16,14,88,34,0,25,2200
1105,"2026-04-21",20260421,1,34,177,42,0,150,26550
1106,"2026-04-21",20260421,2,24,86,19,0,50,4300
1107,"2026-04-21",20260421,3,23,83,21,0,30,2490
1108,"2026-04-21",20260421,4,27,148,22,0,20,2960
1109,"2026-04-21",20260421,5,30,115,42,0,380,43700
1110,"2026-04-21",20260421,6,9,59,48,0,520,30680
1111,"2026-04-21",20260421,7,1,49,44,0,190,9310
1112,"2026-04-21",20260421,8,14,178,22,0,110,19580
1113,"2026-04-21",20260421,9,32,70,32,0,800,56000
1114,"2026-04-21",20260421,10,16,112,17,0,1500,168000
1115,"2026-04-21",20260421,11,28,191,20,0,400,76400
1116,"2026-04-21",20260421,12,11,110,26,0,1000,110000
1117,"2026-04-21",20260421,13,18,94,28,0,210,19740
1118,"2026-04-21",20260421,14,5,23,16,0,680,15640
1119,"2026-04-21",20260421,15,9,27,35,1,430,11610
1120,"2026-04-21",20260421,16,14,85,34,0,25,2125
1121,"2026-04-20",20260420,1,27,165,42,0,150,24750
1122,"2026-04-20",20260420,2,3,33,19,0,50,1650
1123,"2026-04-20",20260420,3,1,64,21,0,30,1920
1124,"2026-04-20",20260420,4,25,34,22,0,20,680
1125,"2026-04-20",20260420,5,9,71,42,0,380,26980
1126,"2026-04-20",20260420,6,5,100,48,0,520,52000
1127,"2026-04-20",20260420,7,8,161,44,0,190,30590
1128,"2026-04-20",20260420,8,22,64,22,0,110,7040
1129,"2026-04-20",20260420,9,22,49,32,0,800,39200
1130,"2026-04-20",20260420,10,31,194,17,0,1500,291000
1131,"2026-04-20",20260420,11,28,161,20,0,400,64400
1132,"2026-04-20",20260420,12,24,12,26,1,1000,12000
1133,"2026-04-20",20260420,13,31,95,28,0,210,19950
1134,"2026-04-20",20260420,14,16,74,16,0,680,50320
1135,"2026-04-20",20260420,15,26,143,35,0,430,61490
1136,"2026-04-20",20260420,16,8,42,34,0,25,1050
1137,"2026-04-19",20260419,1,12,192,42,0,150,28800
1138,"2026-04-19",20260419,2,35,116,19,0,50,5800
1139,"2026-04-19",20260419,3,15,143,21,0,30,4290
1140,"2026-04-19",20260419,4,34,76,22,0,20,1520
1141,"2026-04-19",20260419,5,12,119,42,0,380,45220
1142,"2026-04-19",20260419,6,14,179,48,0,520,93080
1143,"2026-04-19",20260419,7,20,184,44,0,190,34960
1144,"2026-04-19",20260419,8,31,12,22,1,110,1320
1145,"2026-04-19",20260419,9,10,35,32,0,800,28000
1146,"2026-04-19",20260419,10,5,69,17,0,1500,103500
1147,"2026-04-19",20260419,11,21,132,20,0,400,52800
1148,"2026-04-19",20260419,12,15,164,26,0,1000,164000
1149,"2026-04-19",20260419,13,16,160,28,0,210,33600
1150,"2026-04-19",20260419,14,20,49,16,0,680,33320
1151,"2026-04-19",20260419,15,17,156,35,0,430,67080
1152,"2026-04-19",20260419,16,18,181,34,0,25,4525
1153,"2026-04-18",20260418,1,4,77,42,0,150,11550
1154,"2026-04-18",20260418,2,1,33,19,0,50,1650
1155,"2026-04-18",20260418,3,3,116,21,0,30,3480
1156,"2026-04-18",20260418,4,7,192,22,0,20,3840
1157,"2026-04-18",20260418,5,24,145,42,0,380,55100
1158,"2026-04-18",20260418,6,32,114,48,0,520,59280
1159,"2026-04-18",20260418,7,35,26,44,1,190,4940
1160,"2026-04-18",20260418,8,8,50,22,0,110,5500
1161,"2026-04-18",20260418,9,4,78,32,0,800,62400
1162,"2026-04-18",20260418,10,9,160,17,0,1500,240000
1163,"2026-04-18",20260418,11,3,96,20,0,400,38400
1164,"2026-04-18",20260418,12,31,141,26,0,1000,141000
1165,"2026-04-18",20260418,13,5,127,28,0,210,26670
1166,"2026-04-18",20260418,14,26,41,16,0,680,27880
1167,"2026-04-18",20260418,15,9,32,35,1,430,13760
1168,"2026-04-18",20260418,16,34,132,34,0,25,3300
1169,"2026-04-17",20260417,1,9,58,42,0,150,8700
1170,"2026-04-17",20260417,2,4,63,19,0,50,3150
1171,"2026-04-17",20260417,3,24,18,21,1,30,540
1172,"2026-04-17",20260417,4,2,65,22,0,20,1300
1173,"2026-04-17",20260417,5,9,107,42,0,380,40660
1174,"2026-04-17",20260417,6,26,16,48,1,520,8320
1175,"2026-04-17",20260417,7,14,171,44,0,190,32490
1176,"2026-04-17",20260417,8,21,93,22,0,110,10230
1177,"2026-04-17",20260417,9,30,19,32,1,800,15200
1178,"2026-04-17",20260417,10,12,98,17,0,1500,147000
1179,"2026-04-17",20260417,11,25,171,20,0,400,68400
1180,"2026-04-17",20260417,12,20,106,26,0,1000,106000
1181,"2026-04-17",20260417,13,21,137,28,0,210,28770
1182,"2026-04-17",20260417,14,16,10,16,1,680,6800
1183,"2026-04-17",20260417,15,17,35,35,1,430,15050
1184,"2026-04-17",20260417,16,6,59,34,0,25,1475
1185,"2026-04-16",20260416,1,18,143,42,0,150,21450
1186,"2026-04-16",20260416,2,7,37,19,0,50,1850
1187,"2026-04-16",20260416,3,5,116,21,0,30,3480
1188,"2026-04-16",20260416,4,25,24,22,0,20,480
1189,"2026-04-16",20260416,5,13,50,42,0,380,19000
1190,"2026-04-16",20260416,6,35,103,48,0,520,53560
1191,"2026-04-16",20260416,7,35,57,44,0,190,10830
1192,"2026-04-16",20260416,8,9,178,22,0,110,19580
1193,"2026-04-16",20260416,9,35,45,32,0,800,36000
1194,"2026-04-16",20260416,10,4,123,17,0,1500,184500
1195,"2026-04-16",20260416,11,21,195,20,0,400,78000
1196,"2026-04-16",20260416,12,7,21,26,1,1000,21000
1197,"2026-04-16",20260416,13,10,115,28,0,210,24150
1198,"2026-04-16",20260416,14,32,189,16,0,680,128520
1199,"2026-04-16",20260416,15,23,67,35,0,430,28810
1200,"2026-04-16",20260416,16,9,184,34,0,25,4600
1201,"2026-04-15",20260415,1,30,184,42,0,150,27600
1202,"2026-04-15",20260415,2,7,88,19,0,50,4400
1203,"2026-04-15",20260415,3,10,17,21,1,30,510
1204,"2026-04-15",20260415,4,10,192,22,0,20,3840
1205,"2026-04-15",20260415,5,31,121,42,0,380,45980
1206,"2026-04-15",20260415,6,17,189,48,0,520,98280
1207,"2026-04-15",20260415,7,22,106,44,0,190,20140
1208,"2026-04-15",20260415,8,15,65,22,0,110,7150
1209,"2026-04-15",20260415,9,2,78,32,0,800,62400
1210,"2026-04-15",20260415,10,32,150,17,0,1500,225000
1211,"2026-04-15",20260415,11,8,196,20,0,400,78400
1212,"2026-04-15",20260415,12,21,133,26,0,1000,133000
1213,"2026-04-15",20260415,13,16,71,28,0,210,14910
1214,"2026-04-15",20260415,14,5,178,16,0,680,121040
1215,"2026-04-15",20260415,15,10,78,35,0,430,33540
1216,"2026-04-15",20260415,16,19,39,34,0,25,975
1217,"2026-04-14",20260414,1,1,196,42,0,150,29400
1218,"2026-04-14",20260414,2,8,79,19,0,50,3950
1219,"2026-04-14",20260414,3,8,140,21,0,30,4200
1220,"2026-04-14",20260414,4,26,118,22,0,20,2360
1221,"2026-04-14",20260414,5,34,117,42,0,380,44460
1222,"2026-04-14",20260414,6,13,133,48,0,520,69160
1223,"2026-04-14",20260414,7,18,46,44,0,190,8740
1224,"2026-04-14",20260414,8,10,112,22,0,110,12320
1225,"2026-04-14",20260414,9,3,11,32,1,800,8800
1226,"2026-04-14",20260414,10,23,190,17,0,1500,285000
1227,"2026-04-14",20260414,11,14,44,20,0,400,17600
1228,"2026-04-14",20260414,12,14,153,26,0,1000,153000
1229,"2026-04-14",20260414,13,26,160,28,0,210,33600
1230,"2026-04-14",20260414,14,22,93,16,0,680,63240
1231,"2026-04-14",20260414,15,6,142,35,0,430,61060
1232,"2026-04-14",20260414,16,14,61,34,0,25,1525
1233,"2026-04-13",20260413,1,32,109,42,0,150,16350
1234,"2026-04-13",20260413,2,4,170,19,0,50,8500
1235,"2026-04-13",20260413,3,31,34,21,0,30,1020
1236,"2026-04-13",20260413,4,12,128,22,0,20,2560
1237,"2026-04-13",20260413,5,1,96,42,0,380,36480
1238,"2026-04-13",20260413,6,25,129,48,0,520,67080
1239,"2026-04-13",20260413,7,23,85,44,0,190,16150
1240,"2026-04-13",20260413,8,31,92,22,0,110,10120
1241,"2026-04-13",20260413,9,10,110,32,0,800,88000
1242,"2026-04-13",20260413,10,2,94,17,0,1500,141000
1243,"2026-04-13",20260413,11,24,26,20,0,400,10400
1244,"2026-04-13",20260413,12,9,169,26,0,1000,169000
1245,"2026-04-13",20260413,13,25,29,28,0,210,6090
1246,"2026-04-13",20260413,14,34,96,16,0,680,65280
1247,"2026-04-13",20260413,15,3,13,35,1,430,5590
1248,"2026-04-13",20260413,16,27,198,34,0,25,4950
1249,"2026-04-12",20260412,1,35,111,42,0,150,16650
1250,"2026-04-12",20260412,2,21,194,19,0,50,9700
1251,"2026-04-12",20260412,3,32,40,21,0,30,1200
1252,"2026-04-12",20260412,4,5,33,22,0,20,660
1253,"2026-04-12",20260412,5,33,130,42,0,380,49400
1254,"2026-04-12",20260412,6,8,153,48,0,520,79560
1255,"2026-04-12",20260412,7,23,37,44,1,190,7030
1256,"2026-04-12",20260412,8,35,22,22,1,110,2420
1257,"2026-04-12",20260412,9,6,101,32,0,800,80800
1258,"2026-04-12",20260412,10,31,41,17,0,1500,61500
1259,"2026-04-12",20260412,11,10,26,20,0,400,10400
1260,"2026-04-12",20260412,12,31,58,26,0,1000,58000
1261,"2026-04-12",20260412,13,33,64,28,0,210,13440
1262,"2026-04-12",20260412,14,31,138,16,0,680,93840
1263,"2026-04-12",20260412,15,26,164,35,0,430,70520
1264,"2026-04-12",20260412,16,12,28,34,1,25,700
1265,"2026-04-11",20260411,1,34,49,42,0,150,7350
1266,"2026-04-11",20260411,2,3,185,19,0,50,9250
1267,"2026-04-11",20260411,3,33,122,21,0,30,3660
1268,"2026-04-11",20260411,4,3,195,22,0,20,3900
1269,"2026-04-11",20260411,5,6,28,42,1,380,10640
1270,"2026-04-11",20260411,6,7,36,48,1,520,18720
1271,"2026-04-11",20260411,7,34,151,44,0,190,28690
1272,"2026-04-11",20260411,8,16,27,22,0,110,2970
1273,"2026-04-11",20260411,9,26,75,32,0,800,60000
1274,"2026-04-11",20260411,10,3,72,17,0,1500,108000
1275,"2026-04-11",20260411,11,26,102,20,0,400,40800
1276,"2026-04-11",20260411,12,32,196,26,0,1000,196000
1277,"2026-04-11",20260411,13,29,54,28,0,210,11340
1278,"2026-04-11",20260411,14,8,17,16,0,680,11560
1279,"2026-04-11",20260411,15,11,80,35,0,430,34400
1280,"2026-04-11",20260411,16,5,40,34,0,25,1000
1281,"2026-04-10",20260410,1,5,158,42,0,150,23700
1282,"2026-04-10",20260410,2,23,141,19,0,50,7050
1283,"2026-04-10",20260410,3,20,178,21,0,30,5340
1284,"2026-04-10",20260410,4,32,137,22,0,20,2740
1285,"2026-04-10",20260410,5,14,193,42,0,380,73340
1286,"2026-04-10",20260410,6,13,130,48,0,520,67600
1287,"2026-04-10",20260410,7,35,144,44,0,190,27360
1288,"2026-04-10",20260410,8,3,38,22,0,110,4180
1289,"2026-04-10",20260410,9,26,139,32,0,800,111200
1290,"2026-04-10",20260410,10,25,165,17,0,1500,247500
1291,"2026-04-10",20260410,11,30,62,20,0,400,24800
1292,"2026-04-10",20260410,12,24,99,26,0,1000,99000
1293,"2026-04-10",20260410,13,26,92,28,0,210,19320
1294,"2026-04-10",20260410,14,10,64,16,0,680,43520
1295,"2026-04-10",20260410,15,19,124,35,0,430,53320
1296,"2026-04-10",20260410,16,16,186,34,0,25,4650
1297,"2026-04-09",20260409,1,3,161,42,0,150,24150
1298,"2026-04-09",20260409,2,27,86,19,0,50,4300
1299,"2026-04-09",20260409,3,35,69,21,0,30,2070
1300,"2026-04-09",20260409,4,25,84,22,0,20,1680
1301,"2026-04-09",20260409,5,23,10,42,1,380,3800
1302,"2026-04-09",20260409,6,29,62,48,0,520,32240
1303,"2026-04-09",20260409,7,11,48,44,0,190,9120
1304,"2026-04-09",20260409,8,33,40,22,0,110,4400
1305,"2026-04-09",20260409,9,20,134,32,0,800,107200
1306,"2026-04-09",20260409,10,29,172,17,0,1500,258000
1307,"2026-04-09",20260409,11,29,126,20,0,400,50400
1308,"2026-04-09",20260409,12,22,75,26,0,1000,75000
1309,"2026-04-09",20260409,13,3,92,28,0,210,19320
1310,"2026-04-09",20260409,14,14,48,16,0,680,32640
1311,"2026-04-09",20260409,15,3,68,35,0,430,29240
1312,"2026-04-09",20260409,16,28,21,34,1,25,525
1313,"2026-04-08",20260408,1,35,134,42,0,150,20100
1314,"2026-04-08",20260408,2,34,134,19,0,50,6700
1315,"2026-04-08",20260408,3,23,163,21,0,30,4890
1316,"2026-04-08",20260408,4,11,73,22,0,20,1460
1317,"2026-04-08",20260408,5,18,101,42,0,380,38380
1318,"2026-04-08",20260408,6,7,108,48,0,520,56160
1319,"2026-04-08",20260408,7,7,120,44,0,190,22800
1320,"2026-04-08",20260408,8,19,168,22,0,110,18480
1321,"2026-04-08",20260408,9,31,26,32,1,800,20800
1322,"2026-04-08",20260408,10,31,196,17,0,1500,294000
1323,"2026-04-08",20260408,11,35,123,20,0,400,49200
1324,"2026-04-08",20260408,12,17,109,26,0,1000,109000
1325,"2026-04-08",20260408,13,6,177,28,0,210,37170
1326,"2026-04-08",20260408,14,16,123,16,0,680,83640
1327,"2026-04-08",20260408,15,9,24,35,1,430,10320
1328,"2026-04-08",20260408,16,2,48,34,0,25,1200
1329,"2026-04-07",20260407,1,31,42,42,1,150,6300
1330,"2026-04-07",20260407,2,8,47,19,0,50,2350
1331,"2026-04-07",20260407,3,2,188,21,0,30,5640
1332,"2026-04-07",20260407,4,35,124,22,0,20,2480
1333,"2026-04-07",20260407,5,30,24,42,1,380,9120
1334,"2026-04-07",20260407,6,2,182,48,0,520,94640
1335,"2026-04-07",20260407,7,16,144,44,0,190,27360
1336,"2026-04-07",20260407,8,7,52,22,0,110,5720
1337,"2026-04-07",20260407,9,21,37,32,0,800,29600
1338,"2026-04-07",20260407,10,7,177,17,0,1500,265500
1339,"2026-04-07",20260407,11,13,114,20,0,400,45600
1340,"2026-04-07",20260407,12,9,144,26,0,1000,144000
1341,"2026-04-07",20260407,13,11,90,28,0,210,18900
1342,"2026-04-07",20260407,14,1,58,16,0,680,39440
1343,"2026-04-07",20260407,15,12,22,35,1,430,9460
1344,"2026-04-07",20260407,16,3,39,34,0,25,975
1345,"2026-04-06",20260406,1,10,84,42,0,150,12600
1346,"2026-04-06",20260406,2,30,81,19,0,50,4050
1347,"2026-04-06",20260406,3,13,154,21,0,30,4620
1348,"2026-04-06",20260406,4,23,160,22,0,20,3200
1349,"2026-04-06",20260406,5,16,70,42,0,380,26600
1350,"2026-04-06",20260406,6,19,94,48,0,520,48880
1351,"2026-04-06",20260406,7,18,131,44,0,190,24890
1352,"2026-04-06",20260406,8,19,157,22,0,110,17270
1353,"2026-04-06",20260406,9,24,117,32,0,800,93600
1354,"2026-04-06",20260406,10,27,182,17,0,1500,273000
1355,"2026-04-06",20260406,11,6,68,20,0,400,27200
1356,"2026-04-06",20260406,12,18,140,26,0,1000,140000
1357,"2026-04-06",20260406,13,6,49,28,0,210,10290
1358,"2026-04-06",20260406,14,20,96,16,0,680,65280
1359,"2026-04-06",20260406,15,24,142,35,0,430,61060
1360,"2026-04-06",20260406,16,30,43,34,0,25,1075
1361,"2026-04-05",20260405,1,30,16,42,1,150,2400
1362,"2026-04-05",20260405,2,5,111,19,0,50,5550
1363,"2026-04-05",20260405,3,28,15,21,1,30,450
1364,"2026-04-05",20260405,4,9,199,22,0,20,3980
1365,"2026-04-05",20260405,5,35,41,42,1,380,15580
1366,"2026-04-05",20260405,6,12,81,48,0,520,42120
1367,"2026-04-05",20260405,7,2,60,44,0,190,11400
1368,"2026-04-05",20260405,8,35,192,22,0,110,21120
1369,"2026-04-05",20260405,9,17,96,32,0,800,76800
1370,"2026-04-05",20260405,10,4,163,17,0,1500,244500
1371,"2026-04-05",20260405,11,1,122,20,0,400,48800
1372,"2026-04-05",20260405,12,32,110,26,0,1000,110000
1373,"2026-04-05",20260405,13,18,190,28,0,210,39900
1374,"2026-04-05",20260405,14,33,173,16,0,680,117640
1375,"2026-04-05",20260405,15,14,31,35,1,430,13330
1376,"2026-04-05",20260405,16,24,147,34,0,25,3675
1377,"2026-04-04",20260404,1,7,152,42,0,150,22800
1378,"2026-04-04",20260404,2,22,40,19,0,50,2000
1379,"2026-04-04",20260404,3,33,199,21,0,30,5970
1380,"2026-04-04",20260404,4,17,47,22,0,20,940
1381,"2026-04-04",20260404,5,19,167,42,0,380,63460
1382,"2026-04-04",20260404,6,23,101,48,0,520,52520
1383,"2026-04-04",20260404,7,34,24,44,1,190,4560
1384,"2026-04-04",20260404,8,4,62,22,0,110,6820
1385,"2026-04-04",20260404,9,30,41,32,0,800,32800
1386,"2026-04-04",20260404,10,5,84,17,0,1500,126000
1387,"2026-04-04",20260404,11,4,12,20,1,400,4800
1388,"2026-04-04",20260404,12,16,159,26,0,1000,159000
1389,"2026-04-04",20260404,13,3,103,28,0,210,21630
1390,"2026-04-04",20260404,14,9,134,16,0,680,91120
1391,"2026-04-04",20260404,15,24,122,35,0,430,52460
1392,"2026-04-04",20260404,16,2,67,34,0,25,1675
1393,"2026-04-03",20260403,1,1,32,42,1,150,4800
1394,"2026-04-03",20260403,2,31,58,19,0,50,2900
1395,"2026-04-03",20260403,3,28,81,21,0,30,2430
1396,"2026-04-03",20260403,4,2,125,22,0,20,2500
1397,"2026-04-03",20260403,5,27,120,42,0,380,45600
1398,"2026-04-03",20260403,6,17,133,48,0,520,69160
1399,"2026-04-03",20260403,7,34,21,44,1,190,3990
1400,"2026-04-03",20260403,8,13,130,22,0,110,14300
1401,"2026-04-03",20260403,9,17,32,32,1,800,25600
1402,"2026-04-03",20260403,10,24,126,17,0,1500,189000
1403,"2026-04-03",20260403,11,27,72,20,0,400,28800
1404,"2026-04-03",20260403,12,6,126,26,0,1000,126000
1405,"2026-04-03",20260403,13,12,186,28,0,210,39060
1406,"2026-04-03",20260403,14,10,175,16,0,680,119000
1407,"2026-04-03",20260403,15,7,114,35,0,430,49020
1408,"2026-04-03",20260403,16,9,99,34,0,25,2475
1409,"2026-04-02",20260402,1,5,55,42,0,150,8250
1410,"2026-04-02",20260402,2,16,80,19,0,50,4000
1411,"2026-04-02",20260402,3,9,67,21,0,30,2010
1412,"2026-04-02",20260402,4,24,39,22,0,20,780
1413,"2026-04-02",20260402,5,12,186,42,0,380,70680
1414,"2026-04-02",20260402,6,20,124,48,0,520,64480
1415,"2026-04-02",20260402,7,29,177,44,0,190,33630
1416,"2026-04-02",20260402,8,27,54,22,0,110,5940
1417,"2026-04-02",20260402,9,8,142,32,0,800,113600
1418,"2026-04-02",20260402,10,8,43,17,0,1500,64500
1419,"2026-04-02",20260402,11,21,38,20,0,400,15200
1420,"2026-04-02",20260402,12,29,170,26,0,1000,170000
1421,"2026-04-02",20260402,13,8,34,28,0,210,7140
1422,"2026-04-02",20260402,14,14,10,16,1,680,6800
1423,"2026-04-02",20260402,15,24,18,35,1,430,7740
1424,"2026-04-02",20260402,16,26,128,34,0,25,3200
1425,"2026-04-01",20260401,1,28,183,42,0,150,27450
1426,"2026-04-01",20260401,2,20,121,19,0,50,6050
1427,"2026-04-01",20260401,3,22,42,21,0,30,1260
1428,"2026-04-01",20260401,4,15,28,22,0,20,560
1429,"2026-04-01",20260401,5,14,66,42,0,380,25080
1430,"2026-04-01",20260401,6,10,122,48,0,520,63440
1431,"2026-04-01",20260401,7,33,192,44,0,190,36480
1432,"2026-04-01",20260401,8,26,21,22,1,110,2310
1433,"2026-04-01",20260401,9,23,176,32,0,800,140800
1434,"2026-04-01",20260401,10,30,150,17,0,1500,225000
1435,"2026-04-01",20260401,11,28,75,20,0,400,30000
1436,"2026-04-01",20260401,12,32,56,26,0,1000,56000
1437,"2026-04-01",20260401,13,21,71,28,0,210,14910
1438,"2026-04-01",20260401,14,14,164,16,0,680,111520
1439,"2026-04-01",20260401,15,25,20,35,1,430,8600
1440,"2026-04-01",20260401,16,34,93,34,0,25,2325
1441,"2026-03-31",20260331,1,14,35,42,1,150,5250
1442,"2026-03-31",20260331,2,3,181,19,0,50,9050
1443,"2026-03-31",20260331,3,26,144,21,0,30,4320
1444,"2026-03-31",20260331,4,12,105,22,0,20,2100
1445,"2026-03-31",20260331,5,26,151,42,0,380,57380
1446,"2026-03-31",20260331,6,26,143,48,0,520,74360
1447,"2026-03-31",20260331,7,31,69,44,0,190,13110
1448,"2026-03-31",20260331,8,18,46,22,0,110,5060
1449,"2026-03-31",20260331,9,28,171,32,0,800,136800
1450,"2026-03-31",20260331,10,16,22,17,0,1500,33000
1451,"2026-03-31",20260331,11,32,160,20,0,400,64000
1452,"2026-03-31",20260331,12,9,52,26,0,1000,52000
1453,"2026-03-31",20260331,13,27,29,28,0,210,6090
1454,"2026-03-31",20260331,14,29,41,16,0,680,27880
1455,"2026-03-31",20260331,15,2,83,35,0,430,35690
1456,"2026-03-31",20260331,16,28,146,34,0,25,3650
1457,"2026-03-30",20260330,1,19,27,42,1,150,4050
1458,"2026-03-30",20260330,2,21,88,19,0,50,4400
1459,"2026-03-30",20260330,3,2,198,21,0,30,5940
1460,"2026-03-30",20260330,4,8,175,22,0,20,3500
1461,"2026-03-30",20260330,5,23,83,42,0,380,31540
1462,"2026-03-30",20260330,6,13,119,48,0,520,61880
1463,"2026-03-30",20260330,7,26,83,44,0,190,15770
1464,"2026-03-30",20260330,8,23,160,22,0,110,17600
1465,"2026-03-30",20260330,9,28,31,32,1,800,24800
1466,"2026-03-30",20260330,10,8,136,17,0,1500,204000
1467,"2026-03-30",20260330,11,19,94,20,0,400,37600
1468,"2026-03-30",20260330,12,31,29,26,0,1000,29000
1469,"2026-03-30",20260330,13,6,127,28,0,210,26670
1470,"2026-03-30",20260330,14,8,73,16,0,680,49640
1471,"2026-03-30",20260330,15,5,120,35,0,430,51600
1472,"2026-03-30",20260330,16,16,189,34,0,25,4725
1473,"2026-03-29",20260329,1,9,62,42,0,150,9300
1474,"2026-03-29",20260329,2,32,105,19,0,50,5250
1475,"2026-03-29",20260329,3,25,75,21,0,30,2250
1476,"2026-03-29",20260329,4,22,172,22,0,20,3440
1477,"2026-03-29",20260329,5,17,164,42,0,380,62320
1478,"2026-03-29",20260329,6,16,46,48,1,520,23920
1479,"2026-03-29",20260329,7,32,106,44,0,190,20140
1480,"2026-03-29",20260329,8,3,53,22,0,110,5830
1481,"2026-03-29",20260329,9,5,119,32,0,800,95200
1482,"2026-03-29",20260329,10,22,67,17,0,1500,100500
1483,"2026-03-29",20260329,11,24,146,20,0,400,58400
1484,"2026-03-29",20260329,12,8,76,26,0,1000,76000
1485,"2026-03-29",20260329,13,31,153,28,0,210,32130
1486,"2026-03-29",20260329,14,4,31,16,0,680,21080
1487,"2026-03-29",20260329,15,27,59,35,0,430,25370
1488,"2026-03-29",20260329,16,5,48,34,0,25,1200
1489,"2026-03-28",20260328,1,6,149,42,0,150,22350
1490,"2026-03-28",20260328,2,10,72,19,0,50,3600
1491,"2026-03-28",20260328,3,13,191,21,0,30,5730
1492,"2026-03-28",20260328,4,3,39,22,0,20,780
1493,"2026-03-28",20260328,5,25,114,42,0,380,43320
1494,"2026-03-28",20260328,6,10,58,48,0,520,30160
1495,"2026-03-28",20260328,7,34,46,44,0,190,8740
1496,"2026-03-28",20260328,8,15,141,22,0,110,15510
1497,"2026-03-28",20260328,9,13,187,32,0,800,149600
1498,"2026-03-28",20260328,10,23,34,17,0,1500,51000
1499,"2026-03-28",20260328,11,30,34,20,0,400,13600
1500,"2026-03-28",20260328,12,1,136,26,0,1000,136000
1501,"2026-03-28",20260328,13,13,97,28,0,210,20370
1502,"2026-03-28",20260328,14,22,67,16,0,680,45560
1503,"2026-03-28",20260328,15,6,180,35,0,430,77400
1504,"2026-03-28",20260328,16,26,149,34,0,25,3725
1505,"2026-03-27",20260327,1,29,65,42,0,150,9750
1506,"2026-03-27",20260327,2,13,32,19,0,50,1600
1507,"2026-03-27",20260327,3,32,142,21,0,30,4260
1508,"2026-03-27",20260327,4,28,31,22,0,20,620
1509,"2026-03-27",20260327,5,28,111,42,0,380,42180
1510,"2026-03-27",20260327,6,28,53,48,0,520,27560
1511,"2026-03-27",20260327,7,11,118,44,0,190,22420
1512,"2026-03-27",20260327,8,1,87,22,0,110,9570
1513,"2026-03-27",20260327,9,30,152,32,0,800,121600
1514,"2026-03-27",20260327,10,18,67,17,0,1500,100500
1515,"2026-03-27",20260327,11,2,136,20,0,400,54400
1516,"2026-03-27",20260327,12,32,55,26,0,1000,55000
1517,"2026-03-27",20260327,13,26,100,28,0,210,21000
1518,"2026-03-27",20260327,14,9,22,16,0,680,14960
1519,"2026-03-27",20260327,15,4,172,35,0,430,73960
1520,"2026-03-27",20260327,16,32,114,34,0,25,2850
1521,"2026-03-26",20260326,1,21,128,42,0,150,19200
1522,"2026-03-26",20260326,2,31,155,19,0,50,7750
1523,"2026-03-26",20260326,3,5,133,21,0,30,3990
1524,"2026-03-26",20260326,4,25,69,22,0,20,1380
1525,"2026-03-26",20260326,5,6,13,42,1,380,4940
1526,"2026-03-26",20260326,6,27,186,48,0,520,96720
1527,"2026-03-26",20260326,7,31,121,44,0,190,22990
1528,"2026-03-26",20260326,8,35,179,22,0,110,19690
1529,"2026-03-26",20260326,9,8,81,32,0,800,64800
1530,"2026-03-26",20260326,10,27,35,17,0,1500,52500
1531,"2026-03-26",20260326,11,13,26,20,0,400,10400
1532,"2026-03-26",20260326,12,8,50,26,0,1000,50000
1533,"2026-03-26",20260326,13,2,151,28,0,210,31710
1534,"2026-03-26",20260326,14,31,146,16,0,680,99280
1535,"2026-03-26",20260326,15,11,89,35,0,430,38270
1536,"2026-03-26",20260326,16,23,127,34,0,25,3175
1537,"2026-03-25",20260325,1,9,54,42,0,150,8100
1538,"2026-03-25",20260325,2,29,111,19,0,50,5550
1539,"2026-03-25",20260325,3,21,92,21,0,30,2760
1540,"2026-03-25",20260325,4,18,139,22,0,20,2780
1541,"2026-03-25",20260325,5,33,23,42,1,380,8740
1542,"2026-03-25",20260325,6,20,39,48,1,520,20280
1543,"2026-03-25",20260325,7,11,87,44,0,190,16530
1544,"2026-03-25",20260325,8,9,50,22,0,110,5500
1545,"2026-03-25",20260325,9,15,19,32,1,800,15200
1546,"2026-03-25",20260325,10,26,68,17,0,1500,102000
1547,"2026-03-25",20260325,11,33,51,20,0,400,20400
1548,"2026-03-25",20260325,12,29,70,26,0,1000,70000
1549,"2026-03-25",20260325,13,35,160,28,0,210,33600
1550,"2026-03-25",20260325,14,1,173,16,0,680,117640
1551,"2026-03-25",20260325,15,30,172,35,0,430,73960
1552,"2026-03-25",20260325,16,24,188,34,0,25,4700
1553,"2026-03-24",20260324,1,27,16,42,1,150,2400
1554,"2026-03-24",20260324,2,21,155,19,0,50,7750
1555,"2026-03-24",20260324,3,34,96,21,0,30,2880
1556,"2026-03-24",20260324,4,33,122,22,0,20,2440
1557,"2026-03-24",20260324,5,12,103,42,0,380,39140
1558,"2026-03-24",20260324,6,17,116,48,0,520,60320
1559,"2026-03-24",20260324,7,10,36,44,1,190,6840
1560,"2026-03-24",20260324,8,33,27,22,0,110,2970
1561,"2026-03-24",20260324,9,28,101,32,0,800,80800
1562,"2026-03-24",20260324,10,30,148,17,0,1500,222000
1563,"2026-03-24",20260324,11,8,186,20,0,400,74400
1564,"2026-03-24",20260324,12,1,92,26,0,1000,92000
1565,"2026-03-24",20260324,13,28,195,28,0,210,40950
1566,"2026-03-24",20260324,14,26,84,16,0,680,57120
1567,"2026-03-24",20260324,15,26,41,35,0,430,17630
1568,"2026-03-24",20260324,16,33,109,34,0,25,2725
1569,"2026-03-23",20260323,1,19,131,42,0,150,19650
1570,"2026-03-23",20260323,2,24,148,19,0,50,7400
1571,"2026-03-23",20260323,3,29,42,21,0,30,1260
1572,"2026-03-23",20260323,4,29,56,22,0,20,1120
1573,"2026-03-23",20260323,5,31,111,42,0,380,42180
1574,"2026-03-23",20260323,6,33,15,48,1,520,7800
1575,"2026-03-23",20260323,7,19,117,44,0,190,22230
1576,"2026-03-23",20260323,8,6,35,22,0,110,3850
1577,"2026-03-23",20260323,9,7,130,32,0,800,104000
1578,"2026-03-23",20260323,10,13,108,17,0,1500,162000
1579,"2026-03-23",20260323,11,17,96,20,0,400,38400
1580,"2026-03-23",20260323,12,6,183,26,0,1000,183000
1581,"2026-03-23",20260323,13,4,192,28,0,210,40320
1582,"2026-03-23",20260323,14,1,114,16,0,680,77520
1583,"2026-03-23",20260323,15,8,120,35,0,430,51600
1584,"2026-03-23",20260323,16,24,85,34,0,25,2125
1585,"2026-03-22",20260322,1,30,176,42,0,150,26400
1586,"2026-03-22",20260322,2,16,69,19,0,50,3450
1587,"2026-03-22",20260322,3,1,162,21,0,30,4860
1588,"2026-03-22",20260322,4,29,176,22,0,20,3520
1589,"2026-03-22",20260322,5,32,41,42,1,380,15580
1590,"2026-03-22",20260322,6,5,172,48,0,520,89440
1591,"2026-03-22",20260322,7,28,119,44,0,190,22610
1592,"2026-03-22",20260322,8,2,62,22,0,110,6820
1593,"2026-03-22",20260322,9,34,172,32,0,800,137600
1594,"2026-03-22",20260322,10,28,191,17,0,1500,286500
1595,"2026-03-22",20260322,11,17,171,20,0,400,68400
1596,"2026-03-22",20260322,12,21,169,26,0,1000,169000
1597,"2026-03-22",20260322,13,24,101,28,0,210,21210
1598,"2026-03-22",20260322,14,35,152,16,0,680,103360
1599,"2026-03-22",20260322,15,30,33,35,1,430,14190
1600,"2026-03-22",20260322,16,1,198,34,0,25,4950
1601,"2026-03-21",20260321,1,2,122,42,0,150,18300
1602,"2026-03-21",20260321,2,3,56,19,0,50,2800
1603,"2026-03-21",20260321,3,13,17,21,1,30,510
1604,"2026-03-21",20260321,4,18,199,22,0,20,3980
1605,"2026-03-21",20260321,5,14,195,42,0,380,74100
1606,"2026-03-21",20260321,6,14,31,48,1,520,16120
1607,"2026-03-21",20260321,7,15,109,44,0,190,20710
1608,"2026-03-21",20260321,8,34,28,22,0,110,3080
1609,"2026-03-21",20260321,9,14,16,32,1,800,12800
1610,"2026-03-21",20260321,10,30,11,17,1,1500,16500
1611,"2026-03-21",20260321,11,22,88,20,0,400,35200
1612,"2026-03-21",20260321,12,14,144,26,0,1000,144000
1613,"2026-03-21",20260321,13,32,175,28,0,210,36750
1614,"2026-03-21",20260321,14,26,53,16,0,680,36040
1615,"2026-03-21",20260321,15,35,138,35,0,430,59340
1616,"2026-03-21",20260321,16,26,195,34,0,25,4875
1617,"2026-03-20",20260320,1,11,99,42,0,150,14850
1618,"2026-03-20",20260320,2,11,191,19,0,50,9550
1619,"2026-03-20",20260320,3,22,78,21,0,30,2340
1620,"2026-03-20",20260320,4,8,88,22,0,20,1760
1621,"2026-03-20",20260320,5,26,162,42,0,380,61560
1622,"2026-03-20",20260320,6,17,51,48,0,520,26520
1623,"2026-03-20",20260320,7,31,156,44,0,190,29640
1624,"2026-03-20",20260320,8,25,67,22,0,110,7370
1625,"2026-03-20",20260320,9,35,48,32,0,800,38400
1626,"2026-03-20",20260320,10,14,84,17,0,1500,126000
1627,"2026-03-20",20260320,11,10,198,20,0,400,79200
1628,"2026-03-20",20260320,12,35,52,26,0,1000,52000
1629,"2026-03-20",20260320,13,3,20,28,1,210,4200
1630,"2026-03-20",20260320,14,33,64,16,0,680,43520
1631,"2026-03-20",20260320,15,5,16,35,1,430,6880
1632,"2026-03-20",20260320,16,11,132,34,0,25,3300
1633,"2026-03-19",20260319,1,32,17,42,1,150,2550
1634,"2026-03-19",20260319,2,20,137,19,0,50,6850
1635,"2026-03-19",20260319,3,23,87,21,0,30,2610
1636,"2026-03-19",20260319,4,8,181,22,0,20,3620
1637,"2026-03-19",20260319,5,2,125,42,0,380,47500
1638,"2026-03-19",20260319,6,21,156,48,0,520,81120
1639,"2026-03-19",20260319,7,17,143,44,0,190,27170
1640,"2026-03-19",20260319,8,25,175,22,0,110,19250
1641,"2026-03-19",20260319,9,27,34,32,0,800,27200
1642,"2026-03-19",20260319,10,9,78,17,0,1500,117000
1643,"2026-03-19",20260319,11,34,93,20,0,400,37200
1644,"2026-03-19",20260319,12,20,76,26,0,1000,76000
1645,"2026-03-19",20260319,13,19,160,28,0,210,33600
1646,"2026-03-19",20260319,14,10,118,16,0,680,80240
1647,"2026-03-19",20260319,15,23,86,35,0,430,36980
1648,"2026-03-19",20260319,16,28,148,34,0,25,3700
1649,"2026-03-18",20260318,1,25,106,42,0,150,15900
1650,"2026-03-18",20260318,2,9,187,19,0,50,9350
1651,"2026-03-18",20260318,3,23,169,21,0,30,5070
1652,"2026-03-18",20260318,4,32,189,22,0,20,3780
1653,"2026-03-18",20260318,5,28,51,42,0,380,19380
1654,"2026-03-18",20260318,6,22,127,48,0,520,66040
1655,"2026-03-18",20260318,7,21,14,44,1,190,2660
1656,"2026-03-18",20260318,8,35,167,22,0,110,18370
1657,"2026-03-18",20260318,9,4,70,32,0,800,56000
1658,"2026-03-18",20260318,10,4,93,17,0,1500,139500
1659,"2026-03-18",20260318,11,30,64,20,0,400,25600
1660,"2026-03-18",20260318,12,29,99,26,0,1000,99000
1661,"2026-03-18",20260318,13,26,82,28,0,210,17220
1662,"2026-03-18",20260318,14,18,136,16,0,680,92480
1663,"2026-03-18",20260318,15,3,61,35,0,430,26230
1664,"2026-03-18",20260318,16,29,31,34,1,25,775
1665,"2026-03-17",20260317,1,9,40,42,1,150,6000
1666,"2026-03-17",20260317,2,8,123,19,0,50,6150
1667,"2026-03-17",20260317,3,22,146,21,0,30,4380
1668,"2026-03-17",20260317,4,34,39,22,0,20,780
1669,"2026-03-17",20260317,5,35,199,42,0,380,75620
1670,"2026-03-17",20260317,6,31,147,48,0,520,76440
1671,"2026-03-17",20260317,7,27,151,44,0,190,28690
1672,"2026-03-17",20260317,8,31,180,22,0,110,19800
1673,"2026-03-17",20260317,9,11,30,32,1,800,24000
1674,"2026-03-17",20260317,10,24,137,17,0,1500,205500
1675,"2026-03-17",20260317,11,19,140,20,0,400,56000
1676,"2026-03-17",20260317,12,24,133,26,0,1000,133000
1677,"2026-03-17",20260317,13,34,31,28,0,210,6510
1678,"2026-03-17",20260317,14,29,150,16,0,680,102000
1679,"2026-03-17",20260317,15,34,21,35,1,430,9030
1680,"2026-03-17",20260317,16,11,39,34,0,25,975
1681,"2026-03-16",20260316,1,29,95,42,0,150,14250
1682,"2026-03-16",20260316,2,18,161,19,0,50,8050
1683,"2026-03-16",20260316,3,1,171,21,0,30,5130
1684,"2026-03-16",20260316,4,33,106,22,0,20,2120
1685,"2026-03-16",20260316,5,13,175,42,0,380,66500
1686,"2026-03-16",20260316,6,27,140,48,0,520,72800
1687,"2026-03-16",20260316,7,13,183,44,0,190,34770
1688,"2026-03-16",20260316,8,26,185,22,0,110,20350
1689,"2026-03-16",20260316,9,17,11,32,1,800,8800
1690,"2026-03-16",20260316,10,34,135,17,0,1500,202500
1691,"2026-03-16",20260316,11,19,113,20,0,400,45200
1692,"2026-03-16",20260316,12,26,111,26,0,1000,111000
1693,"2026-03-16",20260316,13,3,72,28,0,210,15120
1694,"2026-03-16",20260316,14,3,81,16,0,680,55080
1695,"2026-03-16",20260316,15,25,140,35,0,430,60200
1696,"2026-03-16",20260316,16,30,159,34,0,25,3975
1697,"2026-03-15",20260315,1,19,37,42,1,150,5550
1698,"2026-03-15",20260315,2,29,128,19,0,50,6400
1699,"2026-03-15",20260315,3,21,107,21,0,30,3210
1700,"2026-03-15",20260315,4,15,114,22,0,20,2280
1701,"2026-03-15",20260315,5,23,96,42,0,380,36480
1702,"2026-03-15",20260315,6,6,92,48,0,520,47840
1703,"2026-03-15",20260315,7,12,111,44,0,190,21090
1704,"2026-03-15",20260315,8,12,141,22,0,110,15510
1705,"2026-03-15",20260315,9,30,38,32,0,800,30400
1706,"2026-03-15",20260315,10,20,20,17,0,1500,30000
1707,"2026-03-15",20260315,11,30,24,20,0,400,9600
1708,"2026-03-15",20260315,12,14,38,26,0,1000,38000
1709,"2026-03-15",20260315,13,10,42,28,0,210,8820
1710,"2026-03-15",20260315,14,34,29,16,0,680,19720
1711,"2026-03-15",20260315,15,24,199,35,0,430,85570
1712,"2026-03-15",20260315,16,17,101,34,0,25,2525
1713,"2026-03-14",20260314,1,3,158,42,0,150,23700
1714,"2026-03-14",20260314,2,28,127,19,0,50,6350
1715,"2026-03-14",20260314,3,18,75,21,0,30,2250
1716,"2026-03-14",20260314,4,10,82,22,0,20,1640
1717,"2026-03-14",20260314,5,15,137,42,0,380,52060
1718,"2026-03-14",20260314,6,30,113,48,0,520,58760
1719,"2026-03-14",20260314,7,26,40,44,1,190,7600
1720,"2026-03-14",20260314,8,30,57,22,0,110,6270
1721,"2026-03-14",20260314,9,33,198,32,0,800,158400
1722,"2026-03-14",20260314,10,28,23,17,0,1500,34500
1723,"2026-03-14",20260314,11,24,137,20,0,400,54800
1724,"2026-03-14",20260314,12,13,111,26,0,1000,111000
1725,"2026-03-14",20260314,13,18,169,28,0,210,35490
1726,"2026-03-14",20260314,14,27,159,16,0,680,108120
1727,"2026-03-14",20260314,15,27,86,35,0,430,36980
1728,"2026-03-14",20260314,16,29,150,34,0,25,3750
1729,"2026-03-13",20260313,1,8,53,42,0,150,7950
1730,"2026-03-13",20260313,2,28,95,19,0,50,4750
1731,"2026-03-13",20260313,3,3,150,21,0,30,4500
1732,"2026-03-13",20260313,4,26,64,22,0,20,1280
1733,"2026-03-13",20260313,5,24,122,42,0,380,46360
1734,"2026-03-13",20260313,6,16,16,48,1,520,8320
1735,"2026-03-13",20260313,7,1,137,44,0,190,26030
1736,"2026-03-13",20260313,8,10,193,22,0,110,21230
1737,"2026-03-13",20260313,9,9,177,32,0,800,141600
1738,"2026-03-13",20260313,10,35,70,17,0,1500,105000
1739,"2026-03-13",20260313,11,29,188,20,0,400,75200
1740,"2026-03-13",20260313,12,5,182,26,0,1000,182000
1741,"2026-03-13",20260313,13,25,80,28,0,210,16800
1742,"2026-03-13",20260313,14,2,49,16,0,680,33320
1743,"2026-03-13",20260313,15,18,129,35,0,430,55470
1744,"2026-03-13",20260313,16,25,81,34,0,25,2025
1745,"2026-03-12",20260312,1,18,96,42,0,150,14400
1746,"2026-03-12",20260312,2,29,92,19,0,50,4600
1747,"2026-03-12",20260312,3,27,117,21,0,30,3510
1748,"2026-03-12",20260312,4,13,189,22,0,20,3780
1749,"2026-03-12",20260312,5,32,100,42,0,380,38000
1750,"2026-03-12",20260312,6,18,86,48,0,520,44720
1751,"2026-03-12",20260312,7,30,176,44,0,190,33440
1752,"2026-03-12",20260312,8,12,46,22,0,110,5060
1753,"2026-03-12",20260312,9,19,109,32,0,800,87200
1754,"2026-03-12",20260312,10,22,160,17,0,1500,240000
1755,"2026-03-12",20260312,11,6,178,20,0,400,71200
1756,"2026-03-12",20260312,12,1,103,26,0,1000,103000
1757,"2026-03-12",20260312,13,34,117,28,0,210,24570
1758,"2026-03-12",20260312,14,31,186,16,0,680,126480
1759,"2026-03-12",20260312,15,7,164,35,0,430,70520
1760,"2026-03-12",20260312,16,26,70,34,0,25,1750
1761,"2026-03-11",20260311,1,1,35,42,1,150,5250
1762,"2026-03-11",20260311,2,8,43,19,0,50,2150
1763,"2026-03-11",20260311,3,16,133,21,0,30,3990
1764,"2026-03-11",20260311,4,9,88,22,0,20,1760
1765,"2026-03-11",20260311,5,12,66,42,0,380,25080
1766,"2026-03-11",20260311,6,9,167,48,0,520,86840
1767,"2026-03-11",20260311,7,24,144,44,0,190,27360
1768,"2026-03-11",20260311,8,29,68,22,0,110,7480
1769,"2026-03-11",20260311,9,21,164,32,0,800,131200
1770,"2026-03-11",20260311,10,15,44,17,0,1500,66000
1771,"2026-03-11",20260311,11,9,23,20,0,400,9200
1772,"2026-03-11",20260311,12,3,60,26,0,1000,60000
1773,"2026-03-11",20260311,13,3,33,28,0,210,6930
1774,"2026-03-11",20260311,14,31,183,16,0,680,124440
1775,"2026-03-11",20260311,15,20,71,35,0,430,30530
1776,"2026-03-11",20260311,16,12,151,34,0,25,3775
1777,"2026-03-10",20260310,1,31,61,42,0,150,9150
1778,"2026-03-10",20260310,2,13,30,19,0,50,1500
1779,"2026-03-10",20260310,3,4,150,21,0,30,4500
1780,"2026-03-10",20260310,4,14,118,22,0,20,2360
1781,"2026-03-10",20260310,5,9,174,42,0,380,66120
1782,"2026-03-10",20260310,6,24,100,48,0,520,52000
1783,"2026-03-10",20260310,7,34,168,44,0,190,31920
1784,"2026-03-10",20260310,8,14,86,22,0,110,9460
1785,"2026-03-10",20260310,9,3,178,32,0,800,142400
1786,"2026-03-10",20260310,10,21,63,17,0,1500,94500
1787,"2026-03-10",20260310,11,11,168,20,0,400,67200
1788,"2026-03-10",20260310,12,8,198,26,0,1000,198000
1789,"2026-03-10",20260310,13,28,58,28,0,210,12180
1790,"2026-03-10",20260310,14,30,152,16,0,680,103360
1791,"2026-03-10",20260310,15,33,103,35,0,430,44290
1792,"2026-03-10",20260310,16,25,144,34,0,25,3600
1793,"2026-03-09",20260309,1,5,153,42,0,150,22950
1794,"2026-03-09",20260309,2,8,28,19,0,50,1400
1795,"2026-03-09",20260309,3,10,180,21,0,30,5400
1796,"2026-03-09",20260309,4,28,10,22,1,20,200
1797,"2026-03-09",20260309,5,8,39,42,1,380,14820
1798,"2026-03-09",20260309,6,24,195,48,0,520,101400
1799,"2026-03-09",20260309,7,30,115,44,0,190,21850
1800,"2026-03-09",20260309,8,16,143,22,0,110,15730
1801,"2026-03-09",20260309,9,4,195,32,0,800,156000
1802,"2026-03-09",20260309,10,31,176,17,0,1500,264000
1803,"2026-03-09",20260309,11,15,43,20,0,400,17200
1804,"2026-03-09",20260309,12,35,30,26,0,1000,30000
1805,"2026-03-09",20260309,13,18,99,28,0,210,20790
1806,"2026-03-09",20260309,14,4,25,16,0,680,17000
1807,"2026-03-09",20260309,15,9,17,35,1,430,7310
1808,"2026-03-09",20260309,16,18,32,34,1,25,800
1809,"2026-03-08",20260308,1,13,144,42,0,150,21600
1810,"2026-03-08",20260308,2,3,40,19,0,50,2000
1811,"2026-03-08",20260308,3,34,24,21,0,30,720
1812,"2026-03-08",20260308,4,16,142,22,0,20,2840
1813,"2026-03-08",20260308,5,29,18,42,1,380,6840
1814,"2026-03-08",20260308,6,3,74,48,0,520,38480
1815,"2026-03-08",20260308,7,22,108,44,0,190,20520
1816,"2026-03-08",20260308,8,11,180,22,0,110,19800
1817,"2026-03-08",20260308,9,16,155,32,0,800,124000
1818,"2026-03-08",20260308,10,1,157,17,0,1500,235500
1819,"2026-03-08",20260308,11,23,120,20,0,400,48000
1820,"2026-03-08",20260308,12,35,76,26,0,1000,76000
1821,"2026-03-08",20260308,13,20,128,28,0,210,26880
1822,"2026-03-08",20260308,14,18,171,16,0,680,116280
1823,"2026-03-08",20260308,15,2,107,35,0,430,46010
1824,"2026-03-08",20260308,16,1,29,34,1,25,725
1825,"2026-03-07",20260307,1,24,66,42,0,150,9900
1826,"2026-03-07",20260307,2,28,187,19,0,50,9350
1827,"2026-03-07",20260307,3,33,127,21,0,30,3810
1828,"2026-03-07",20260307,4,14,44,22,0,20,880
1829,"2026-03-07",20260307,5,26,93,42,0,380,35340
1830,"2026-03-07",20260307,6,15,68,48,0,520,35360
1831,"2026-03-07",20260307,7,9,156,44,0,190,29640
1832,"2026-03-07",20260307,8,30,75,22,0,110,8250
1833,"2026-03-07",20260307,9,19,89,32,0,800,71200
1834,"2026-03-07",20260307,10,33,48,17,0,1500,72000
1835,"2026-03-07",20260307,11,9,175,20,0,400,70000
1836,"2026-03-07",20260307,12,31,30,26,0,1000,30000
1837,"2026-03-07",20260307,13,15,48,28,0,210,10080
1838,"2026-03-07",20260307,14,16,119,16,0,680,80920
1839,"2026-03-07",20260307,15,18,128,35,0,430,55040
1840,"2026-03-07",20260307,16,34,20,34,1,25,500
1841,"2026-03-06",20260306,1,7,157,42,0,150,23550
1842,"2026-03-06",20260306,2,24,169,19,0,50,8450
1843,"2026-03-06",20260306,3,19,156,21,0,30,4680
1844,"2026-03-06",20260306,4,4,126,22,0,20,2520
1845,"2026-03-06",20260306,5,31,188,42,0,380,71440
1846,"2026-03-06",20260306,6,12,52,48,0,520,27040
1847,"2026-03-06",20260306,7,32,124,44,0,190,23560
1848,"2026-03-06",20260306,8,10,16,22,1,110,1760
1849,"2026-03-06",20260306,9,23,189,32,0,800,151200
1850,"2026-03-06",20260306,10,24,104,17,0,1500,156000
1851,"2026-03-06",20260306,11,15,131,20,0,400,52400
1852,"2026-03-06",20260306,12,12,159,26,0,1000,159000
1853,"2026-03-06",20260306,13,29,134,28,0,210,28140
1854,"2026-03-06",20260306,14,33,137,16,0,680,93160
1855,"2026-03-06",20260306,15,13,11,35,1,430,4730
1856,"2026-03-06",20260306,16,28,169,34,0,25,4225
1857,"2026-03-05",20260305,1,20,129,42,0,150,19350
1858,"2026-03-05",20260305,2,34,89,19,0,50,4450
1859,"2026-03-05",20260305,3,14,132,21,0,30,3960
1860,"2026-03-05",20260305,4,8,133,22,0,20,2660
1861,"2026-03-05",20260305,5,35,12,42,1,380,4560
1862,"2026-03-05",20260305,6,16,112,48,0,520,58240
1863,"2026-03-05",20260305,7,32,18,44,1,190,3420
1864,"2026-03-05",20260305,8,19,38,22,0,110,4180
1865,"2026-03-05",20260305,9,8,195,32,0,800,156000
1866,"2026-03-05",20260305,10,24,33,17,0,1500,49500
1867,"2026-03-05",20260305,11,22,60,20,0,400,24000
1868,"2026-03-05",20260305,12,7,130,26,0,1000,130000
1869,"2026-03-05",20260305,13,7,157,28,0,210,32970
1870,"2026-03-05",20260305,14,8,54,16,0,680,36720
1871,"2026-03-05",20260305,15,21,53,35,0,430,22790
1872,"2026-03-05",20260305,16,19,178,34,0,25,4450
1873,"2026-03-04",20260304,1,14,195,42,0,150,29250
1874,"2026-03-04",20260304,2,21,197,19,0,50,9850
1875,"2026-03-04",20260304,3,5,176,21,0,30,5280
1876,"2026-03-04",20260304,4,5,15,22,1,20,300
1877,"2026-03-04",20260304,5,22,95,42,0,380,36100
1878,"2026-03-04",20260304,6,16,169,48,0,520,87880
1879,"2026-03-04",20260304,7,28,163,44,0,190,30970
1880,"2026-03-04",20260304,8,18,110,22,0,110,12100
1881,"2026-03-04",20260304,9,4,181,32,0,800,144800
1882,"2026-03-04",20260304,10,31,55,17,0,1500,82500
1883,"2026-03-04",20260304,11,31,138,20,0,400,55200
1884,"2026-03-04",20260304,12,12,167,26,0,1000,167000
1885,"2026-03-04",20260304,13,4,58,28,0,210,12180
1886,"2026-03-04",20260304,14,10,194,16,0,680,131920
1887,"2026-03-04",20260304,15,4,118,35,0,430,50740
1888,"2026-03-04",20260304,16,26,19,34,1,25,475
1889,"2026-03-03",20260303,1,5,21,42,1,150,3150
1890,"2026-03-03",20260303,2,30,179,19,0,50,8950
1891,"2026-03-03",20260303,3,3,34,21,0,30,1020
1892,"2026-03-03",20260303,4,28,170,22,0,20,3400
1893,"2026-03-03",20260303,5,32,96,42,0,380,36480
1894,"2026-03-03",20260303,6,17,102,48,0,520,53040
1895,"2026-03-03",20260303,7,33,116,44,0,190,22040
1896,"2026-03-03",20260303,8,28,85,22,0,110,9350
1897,"2026-03-03",20260303,9,27,92,32,0,800,73600
1898,"2026-03-03",20260303,10,20,165,17,0,1500,247500
1899,"2026-03-03",20260303,11,21,97,20,0,400,38800
1900,"2026-03-03",20260303,12,32,188,26,0,1000,188000
1901,"2026-03-03",20260303,13,31,142,28,0,210,29820
1902,"2026-03-03",20260303,14,12,69,16,0,680,46920
1903,"2026-03-03",20260303,15,23,53,35,0,430,22790
1904,"2026-03-03",20260303,16,21,59,34,0,25,1475
1905,"2026-03-02",20260302,1,7,82,42,0,150,12300
1906,"2026-03-02",20260302,2,16,101,19,0,50,5050
1907,"2026-03-02",20260302,3,34,186,21,0,30,5580
1908,"2026-03-02",20260302,4,7,71,22,0,20,1420
1909,"2026-03-02",20260302,5,35,137,42,0,380,52060
1910,"2026-03-02",20260302,6,23,74,48,0,520,38480
1911,"2026-03-02",20260302,7,14,39,44,1,190,7410
1912,"2026-03-02",20260302,8,2,165,22,0,110,18150
1913,"2026-03-02",20260302,9,7,54,32,0,800,43200
1914,"2026-03-02",20260302,10,35,71,17,0,1500,106500
1915,"2026-03-02",20260302,11,17,38,20,0,400,15200
1916,"2026-03-02",20260302,12,32,75,26,0,1000,75000
1917,"2026-03-02",20260302,13,15,178,28,0,210,37380
1918,"2026-03-02",20260302,14,3,118,16,0,680,80240
1919,"2026-03-02",20260302,15,10,39,35,0,430,16770
1920,"2026-03-02",20260302,16,35,22,34,1,25,550
1921,"2026-03-01",20260301,1,19,181,42,0,150,27150
1922,"2026-03-01",20260301,2,18,60,19,0,50,3000
1923,"2026-03-01",20260301,3,21,54,21,0,30,1620
1924,"2026-03-01",20260301,4,27,17,22,1,20,340
1925,"2026-03-01",20260301,5,25,161,42,0,380,61180
1926,"2026-03-01",20260301,6,34,110,48,0,520,57200
1927,"2026-03-01",20260301,7,16,50,44,0,190,9500
1928,"2026-03-01",20260301,8,2,147,22,0,110,16170
1929,"2026-03-01",20260301,9,22,22,32,1,800,17600
1930,"2026-03-01",20260301,10,3,162,17,0,1500,243000
1931,"2026-03-01",20260301,11,20,20,20,1,400,8000
1932,"2026-03-01",20260301,12,21,188,26,0,1000,188000
1933,"2026-03-01",20260301,13,3,128,28,0,210,26880
1934,"2026-03-01",20260301,14,27,13,16,1,680,8840
1935,"2026-03-01",20260301,15,22,160,35,0,430,68800
1936,"2026-03-01",20260301,16,15,198,34,0,25,4950
1937,"2026-02-28",20260228,1,18,180,42,0,150,27000
1938,"2026-02-28",20260228,2,22,126,19,0,50,6300
1939,"2026-02-28",20260228,3,26,146,21,0,30,4380
1940,"2026-02-28",20260228,4,22,20,22,1,20,400
1941,"2026-02-28",20260228,5,15,37,42,1,380,14060
1942,"2026-02-28",20260228,6,32,165,48,0,520,85800
1943,"2026-02-28",20260228,7,1,139,44,0,190,26410
1944,"2026-02-28",20260228,8,21,115,22,0,110,12650
1945,"2026-02-28",20260228,9,2,14,32,1,800,11200
1946,"2026-02-28",20260228,10,8,27,17,0,1500,40500
1947,"2026-02-28",20260228,11,25,117,20,0,400,46800
1948,"2026-02-28",20260228,12,29,154,26,0,1000,154000
1949,"2026-02-28",20260228,13,16,164,28,0,210,34440
1950,"2026-02-28",20260228,14,19,56,16,0,680,38080
1951,"2026-02-28",20260228,15,19,58,35,0,430,24940
1952,"2026-02-28",20260228,16,9,146,34,0,25,3650
1953,"2026-02-27",20260227,1,17,82,42,0,150,12300
1954,"2026-02-27",20260227,2,19,192,19,0,50,9600
1955,"2026-02-27",20260227,3,25,126,21,0,30,3780
1956,"2026-02-27",20260227,4,35,11,22,1,20,220
1957,"2026-02-27",20260227,5,28,39,42,1,380,14820
1958,"2026-02-27",20260227,6,8,151,48,0,520,78520
1959,"2026-02-27",20260227,7,8,198,44,0,190,37620
1960,"2026-02-27",20260227,8,14,79,22,0,110,8690
1961,"2026-02-27",20260227,9,16,152,32,0,800,121600
1962,"2026-02-27",20260227,10,10,68,17,0,1500,102000
1963,"2026-02-27",20260227,11,5,79,20,0,400,31600
1964,"2026-02-27",20260227,12,8,78,26,0,1000,78000
1965,"2026-02-27",20260227,13,19,39,28,0,210,8190
1966,"2026-02-27",20260227,14,18,97,16,0,680,65960
1967,"2026-02-27",20260227,15,14,60,35,0,430,25800
1968,"2026-02-27",20260227,16,25,149,34,0,25,3725
1969,"2026-02-26",20260226,1,23,63,42,0,150,9450
1970,"2026-02-26",20260226,2,12,23,19,0,50,1150
1971,"2026-02-26",20260226,3,27,109,21,0,30,3270
1972,"2026-02-26",20260226,4,32,177,22,0,20,3540
1973,"2026-02-26",20260226,5,18,25,42,1,380,9500
1974,"2026-02-26",20260226,6,13,156,48,0,520,81120
1975,"2026-02-26",20260226,7,25,21,44,1,190,3990
1976,"2026-02-26",20260226,8,1,175,22,0,110,19250
1977,"2026-02-26",20260226,9,20,196,32,0,800,156800
1978,"2026-02-26",20260226,10,33,147,17,0,1500,220500
1979,"2026-02-26",20260226,11,14,121,20,0,400,48400
1980,"2026-02-26",20260226,12,3,79,26,0,1000,79000
1981,"2026-02-26",20260226,13,10,106,28,0,210,22260
1982,"2026-02-26",20260226,14,14,65,16,0,680,44200
1983,"2026-02-26",20260226,15,15,179,35,0,430,76970
1984,"2026-02-26",20260226,16,21,160,34,0,25,4000
1985,"2026-02-25",20260225,1,27,131,42,0,150,19650
1986,"2026-02-25",20260225,2,25,23,19,0,50,1150
1987,"2026-02-25",20260225,3,27,162,21,0,30,4860
1988,"2026-02-25",20260225,4,4,115,22,0,20,2300
1989,"2026-02-25",20260225,5,20,58,42,0,380,22040
1990,"2026-02-25",20260225,6,23,57,48,0,520,29640
1991,"2026-02-25",20260225,7,19,127,44,0,190,24130
1992,"2026-02-25",20260225,8,11,42,22,0,110,4620
1993,"2026-02-25",20260225,9,12,158,32,0,800,126400
1994,"2026-02-25",20260225,10,18,40,17,0,1500,60000
1995,"2026-02-25",20260225,11,19,186,20,0,400,74400
1996,"2026-02-25",20260225,12,13,187,26,0,1000,187000
1997,"2026-02-25",20260225,13,15,161,28,0,210,33810
1998,"2026-02-25",20260225,14,14,102,16,0,680,69360
1999,"2026-02-25",20260225,15,31,121,35,0,430,52030
2000,"2026-02-25",20260225,16,16,144,34,0,25,3600
2001,"2026-02-24",20260224,1,18,186,42,0,150,27900
2002,"2026-02-24",20260224,2,32,51,19,0,50,2550
2003,"2026-02-24",20260224,3,7,10,21,1,30,300
2004,"2026-02-24",20260224,4,33,160,22,0,20,3200
2005,"2026-02-24",20260224,5,18,72,42,0,380,27360
2006,"2026-02-24",20260224,6,23,167,48,0,520,86840
2007,"2026-02-24",20260224,7,32,99,44,0,190,18810
2008,"2026-02-24",20260224,8,34,58,22,0,110,6380
2009,"2026-02-24",20260224,9,1,95,32,0,800,76000
2010,"2026-02-24",20260224,10,28,193,17,0,1500,289500
2011,"2026-02-24",20260224,11,29,195,20,0,400,78000
2012,"2026-02-24",20260224,12,29,27,26,0,1000,27000
2013,"2026-02-24",20260224,13,12,10,28,1,210,2100
2014,"2026-02-24",20260224,14,34,166,16,0,680,112880
2015,"2026-02-24",20260224,15,8,44,35,0,430,18920
2016,"2026-02-24",20260224,16,35,181,34,0,25,4525
2017,"2026-02-23",20260223,1,12,136,42,0,150,20400
2018,"2026-02-23",20260223,2,21,22,19,0,50,1100
2019,"2026-02-23",20260223,3,13,129,21,0,30,3870
2020,"2026-02-23",20260223,4,15,30,22,0,20,600
2021,"2026-02-23",20260223,5,20,71,42,0,380,26980
2022,"2026-02-23",20260223,6,2,154,48,0,520,80080
2023,"2026-02-23",20260223,7,11,141,44,0,190,26790
2024,"2026-02-23",20260223,8,29,159,22,0,110,17490
2025,"2026-02-23",20260223,9,6,91,32,0,800,72800
2026,"2026-02-23",20260223,10,26,70,17,0,1500,105000
2027,"2026-02-23",20260223,11,15,41,20,0,400,16400
2028,"2026-02-23",20260223,12,32,154,26,0,1000,154000
2029,"2026-02-23",20260223,13,13,82,28,0,210,17220
2030,"2026-02-23",20260223,14,34,154,16,0,680,104720
2031,"2026-02-23",20260223,15,34,192,35,0,430,82560
2032,"2026-02-23",20260223,16,11,61,34,0,25,1525
2033,"2026-02-22",20260222,1,24,110,42,0,150,16500
2034,"2026-02-22",20260222,2,30,30,19,0,50,1500
2035,"2026-02-22",20260222,3,21,16,21,1,30,480
2036,"2026-02-22",20260222,4,3,108,22,0,20,2160
2037,"2026-02-22",20260222,5,23,94,42,0,380,35720
2038,"2026-02-22",20260222,6,17,46,48,1,520,23920
2039,"2026-02-22",20260222,7,13,97,44,0,190,18430
2040,"2026-02-22",20260222,8,30,45,22,0,110,4950
2041,"2026-02-22",20260222,9,22,60,32,0,800,48000
2042,"2026-02-22",20260222,10,14,59,17,0,1500,88500
2043,"2026-02-22",20260222,11,22,144,20,0,400,57600
2044,"2026-02-22",20260222,12,2,118,26,0,1000,118000
2045,"2026-02-22",20260222,13,24,197,28,0,210,41370
2046,"2026-02-22",20260222,14,18,84,16,0,680,57120
2047,"2026-02-22",20260222,15,33,126,35,0,430,54180
2048,"2026-02-22",20260222,16,17,20,34,1,25,500
2049,"2026-02-21",20260221,1,24,184,42,0,150,27600
2050,"2026-02-21",20260221,2,8,75,19,0,50,3750
2051,"2026-02-21",20260221,3,15,150,21,0,30,4500
2052,"2026-02-21",20260221,4,30,161,22,0,20,3220
2053,"2026-02-21",20260221,5,28,56,42,0,380,21280
2054,"2026-02-21",20260221,6,9,174,48,0,520,90480
2055,"2026-02-21",20260221,7,1,25,44,1,190,4750
2056,"2026-02-21",20260221,8,6,106,22,0,110,11660
2057,"2026-02-21",20260221,9,15,66,32,0,800,52800
2058,"2026-02-21",20260221,10,23,59,17,0,1500,88500
2059,"2026-02-21",20260221,11,12,17,20,1,400,6800
2060,"2026-02-21",20260221,12,16,16,26,1,1000,16000
2061,"2026-02-21",20260221,13,16,116,28,0,210,24360
2062,"2026-02-21",20260221,14,18,169,16,0,680,114920
2063,"2026-02-21",20260221,15,16,89,35,0,430,38270
2064,"2026-02-21",20260221,16,3,179,34,0,25,4475
2065,"2026-02-20",20260220,1,21,178,42,0,150,26700
2066,"2026-02-20",20260220,2,16,113,19,0,50,5650
2067,"2026-02-20",20260220,3,4,187,21,0,30,5610
2068,"2026-02-20",20260220,4,4,149,22,0,20,2980
2069,"2026-02-20",20260220,5,7,77,42,0,380,29260
2070,"2026-02-20",20260220,6,23,121,48,0,520,62920
2071,"2026-02-20",20260220,7,22,27,44,1,190,5130
2072,"2026-02-20",20260220,8,23,53,22,0,110,5830
2073,"2026-02-20",20260220,9,7,63,32,0,800,50400
2074,"2026-02-20",20260220,10,14,93,17,0,1500,139500
2075,"2026-02-20",20260220,11,11,91,20,0,400,36400
2076,"2026-02-20",20260220,12,18,57,26,0,1000,57000
2077,"2026-02-20",20260220,13,27,175,28,0,210,36750
2078,"2026-02-20",20260220,14,2,74,16,0,680,50320
2079,"2026-02-20",20260220,15,27,86,35,0,430,36980
2080,"2026-02-20",20260220,16,20,51,34,0,25,1275
2081,"2026-02-19",20260219,1,2,131,42,0,150,19650
2082,"2026-02-19",20260219,2,5,127,19,0,50,6350
2083,"2026-02-19",20260219,3,18,103,21,0,30,3090
2084,"2026-02-19",20260219,4,17,180,22,0,20,3600
2085,"2026-02-19",20260219,5,25,103,42,0,380,39140
2086,"2026-02-19",20260219,6,5,105,48,0,520,54600
2087,"2026-02-19",20260219,7,23,61,44,0,190,11590
2088,"2026-02-19",20260219,8,8,70,22,0,110,7700
2089,"2026-02-19",20260219,9,27,104,32,0,800,83200
2090,"2026-02-19",20260219,10,2,183,17,0,1500,274500
2091,"2026-02-19",20260219,11,21,177,20,0,400,70800
2092,"2026-02-19",20260219,12,15,166,26,0,1000,166000
2093,"2026-02-19",20260219,13,4,81,28,0,210,17010
2094,"2026-02-19",20260219,14,31,74,16,0,680,50320
2095,"2026-02-19",20260219,15,9,22,35,1,430,9460
2096,"2026-02-19",20260219,16,9,121,34,0,25,3025
2097,"2026-02-18",20260218,1,32,91,42,0,150,13650
2098,"2026-02-18",20260218,2,8,141,19,0,50,7050
2099,"2026-02-18",20260218,3,25,92,21,0,30,2760
2100,"2026-02-18",20260218,4,33,186,22,0,20,3720
2101,"2026-02-18",20260218,5,22,121,42,0,380,45980
2102,"2026-02-18",20260218,6,8,150,48,0,520,78000
2103,"2026-02-18",20260218,7,30,83,44,0,190,15770
2104,"2026-02-18",20260218,8,3,160,22,0,110,17600
2105,"2026-02-18",20260218,9,8,41,32,0,800,32800
2106,"2026-02-18",20260218,10,11,199,17,0,1500,298500
2107,"2026-02-18",20260218,11,10,198,20,0,400,79200
2108,"2026-02-18",20260218,12,26,72,26,0,1000,72000
2109,"2026-02-18",20260218,13,18,152,28,0,210,31920
2110,"2026-02-18",20260218,14,28,52,16,0,680,35360
2111,"2026-02-18",20260218,15,28,73,35,0,430,31390
2112,"2026-02-18",20260218,16,18,171,34,0,25,4275
2113,"2026-02-17",20260217,1,29,112,42,0,150,16800
2114,"2026-02-17",20260217,2,30,169,19,0,50,8450
2115,"2026-02-17",20260217,3,22,71,21,0,30,2130
2116,"2026-02-17",20260217,4,15,154,22,0,20,3080
2117,"2026-02-17",20260217,5,21,184,42,0,380,69920
2118,"2026-02-17",20260217,6,3,83,48,0,520,43160
2119,"2026-02-17",20260217,7,27,113,44,0,190,21470
2120,"2026-02-17",20260217,8,12,159,22,0,110,17490
2121,"2026-02-17",20260217,9,32,78,32,0,800,62400
2122,"2026-02-17",20260217,10,35,18,17,0,1500,27000
2123,"2026-02-17",20260217,11,29,56,20,0,400,22400
2124,"2026-02-17",20260217,12,16,86,26,0,1000,86000
2125,"2026-02-17",20260217,13,23,13,28,1,210,2730
2126,"2026-02-17",20260217,14,10,120,16,0,680,81600
2127,"2026-02-17",20260217,15,12,179,35,0,430,76970
2128,"2026-02-17",20260217,16,33,137,34,0,25,3425
2129,"2026-02-16",20260216,1,10,36,42,1,150,5400
2130,"2026-02-16",20260216,2,25,123,19,0,50,6150
2131,"2026-02-16",20260216,3,12,168,21,0,30,5040
2132,"2026-02-16",20260216,4,6,85,22,0,20,1700
2133,"2026-02-16",20260216,5,23,154,42,0,380,58520
2134,"2026-02-16",20260216,6,16,60,48,0,520,31200
2135,"2026-02-16",20260216,7,30,113,44,0,190,21470
2136,"2026-02-16",20260216,8,32,198,22,0,110,21780
2137,"2026-02-16",20260216,9,11,88,32,0,800,70400
2138,"2026-02-16",20260216,10,8,116,17,0,1500,174000
2139,"2026-02-16",20260216,11,17,107,20,0,400,42800
2140,"2026-02-16",20260216,12,8,178,26,0,1000,178000
2141,"2026-02-16",20260216,13,21,49,28,0,210,10290
2142,"2026-02-16",20260216,14,26,178,16,0,680,121040
2143,"2026-02-16",20260216,15,32,177,35,0,430,76110
2144,"2026-02-16",20260216,16,25,199,34,0,25,4975
2145,"2026-02-15",20260215,1,33,86,42,0,150,12900
2146,"2026-02-15",20260215,2,21,23,19,0,50,1150
2147,"2026-02-15",20260215,3,17,135,21,0,30,4050
2148,"2026-02-15",20260215,4,34,98,22,0,20,1960
2149,"2026-02-15",20260215,5,4,132,42,0,380,50160
2150,"2026-02-15",20260215,6,20,169,48,0,520,87880
2151,"2026-02-15",20260215,7,3,151,44,0,190,28690
2152,"2026-02-15",20260215,8,23,163,22,0,110,17930
2153,"2026-02-15",20260215,9,7,166,32,0,800,132800
2154,"2026-02-15",20260215,10,16,88,17,0,1500,132000
2155,"2026-02-15",20260215,11,14,92,20,0,400,36800
2156,"2026-02-15",20260215,12,16,94,26,0,1000,94000
2157,"2026-02-15",20260215,13,17,35,28,0,210,7350
2158,"2026-02-15",20260215,14,32,42,16,0,680,28560
2159,"2026-02-15",20260215,15,34,89,35,0,430,38270
2160,"2026-02-15",20260215,16,32,89,34,0,25,2225
2161,"2026-02-14",20260214,1,22,77,42,0,150,11550
2162,"2026-02-14",20260214,2,5,85,19,0,50,4250
2163,"2026-02-14",20260214,3,21,63,21,0,30,1890
2164,"2026-02-14",20260214,4,35,43,22,0,20,860
2165,"2026-02-14",20260214,5,12,83,42,0,380,31540
2166,"2026-02-14",20260214,6,31,90,48,0,520,46800
2167,"2026-02-14",20260214,7,15,182,44,0,190,34580
2168,"2026-02-14",20260214,8,35,169,22,0,110,18590
2169,"2026-02-14",20260214,9,1,138,32,0,800,110400
2170,"2026-02-14",20260214,10,14,45,17,0,1500,67500
2171,"2026-02-14",20260214,11,35,76,20,0,400,30400
2172,"2026-02-14",20260214,12,11,132,26,0,1000,132000
2173,"2026-02-14",20260214,13,19,168,28,0,210,35280
2174,"2026-02-14",20260214,14,6,18,16,0,680,12240
2175,"2026-02-14",20260214,15,22,101,35,0,430,43430
2176,"2026-02-14",20260214,16,1,106,34,0,25,2650
2177,"2026-02-13",20260213,1,19,167,42,0,150,25050
2178,"2026-02-13",20260213,2,3,18,19,1,50,900
2179,"2026-02-13",20260213,3,15,147,21,0,30,4410
2180,"2026-02-13",20260213,4,31,69,22,0,20,1380
2181,"2026-02-13",20260213,5,2,153,42,0,380,58140
2182,"2026-02-13",20260213,6,28,167,48,0,520,86840
2183,"2026-02-13",20260213,7,33,86,44,0,190,16340
2184,"2026-02-13",20260213,8,8,44,22,0,110,4840
2185,"2026-02-13",20260213,9,31,145,32,0,800,116000
2186,"2026-02-13",20260213,10,18,163,17,0,1500,244500
2187,"2026-02-13",20260213,11,34,79,20,0,400,31600
2188,"2026-02-13",20260213,12,25,143,26,0,1000,143000
2189,"2026-02-13",20260213,13,25,108,28,0,210,22680
2190,"2026-02-13",20260213,14,25,97,16,0,680,65960
2191,"2026-02-13",20260213,15,19,120,35,0,430,51600
2192,"2026-02-13",20260213,16,18,180,34,0,25,4500
2193,"2026-02-12",20260212,1,33,104,42,0,150,15600
2194,"2026-02-12",20260212,2,31,72,19,0,50,3600
2195,"2026-02-12",20260212,3,22,11,21,1,30,330
2196,"2026-02-12",20260212,4,30,96,22,0,20,1920
2197,"2026-02-12",20260212,5,23,162,42,0,380,61560
2198,"2026-02-12",20260212,6,1,81,48,0,520,42120
2199,"2026-02-12",20260212,7,25,135,44,0,190,25650
2200,"2026-02-12",20260212,8,9,186,22,0,110,20460
2201,"2026-02-12",20260212,9,32,54,32,0,800,43200
2202,"2026-02-12",20260212,10,23,179,17,0,1500,268500
2203,"2026-02-12",20260212,11,13,162,20,0,400,64800
2204,"2026-02-12",20260212,12,7,13,26,1,1000,13000
2205,"2026-02-12",20260212,13,3,65,28,0,210,13650
2206,"2026-02-12",20260212,14,20,64,16,0,680,43520
2207,"2026-02-12",20260212,15,23,87,35,0,430,37410
2208,"2026-02-12",20260212,16,30,20,34,1,25,500
2209,"2026-02-11",20260211,1,15,192,42,0,150,28800
2210,"2026-02-11",20260211,2,32,117,19,0,50,5850
2211,"2026-02-11",20260211,3,16,133,21,0,30,3990
2212,"2026-02-11",20260211,4,8,12,22,1,20,240
2213,"2026-02-11",20260211,5,10,83,42,0,380,31540
2214,"2026-02-11",20260211,6,22,194,48,0,520,100880
2215,"2026-02-11",20260211,7,30,90,44,0,190,17100
2216,"2026-02-11",20260211,8,22,63,22,0,110,6930
2217,"2026-02-11",20260211,9,30,36,32,0,800,28800
2218,"2026-02-11",20260211,10,27,141,17,0,1500,211500
2219,"2026-02-11",20260211,11,24,118,20,0,400,47200
2220,"2026-02-11",20260211,12,7,113,26,0,1000,113000
2221,"2026-02-11",20260211,13,14,189,28,0,210,39690
2222,"2026-02-11",20260211,14,7,73,16,0,680,49640
2223,"2026-02-11",20260211,15,4,21,35,1,430,9030
2224,"2026-02-11",20260211,16,11,80,34,0,25,2000
2225,"2026-02-10",20260210,1,12,23,42,1,150,3450
2226,"2026-02-10",20260210,2,11,159,19,0,50,7950
2227,"2026-02-10",20260210,3,30,54,21,0,30,1620
2228,"2026-02-10",20260210,4,11,198,22,0,20,3960
2229,"2026-02-10",20260210,5,19,25,42,1,380,9500
2230,"2026-02-10",20260210,6,14,175,48,0,520,91000
2231,"2026-02-10",20260210,7,7,159,44,0,190,30210
2232,"2026-02-10",20260210,8,25,80,22,0,110,8800
2233,"2026-02-10",20260210,9,13,57,32,0,800,45600
2234,"2026-02-10",20260210,10,30,158,17,0,1500,237000
2235,"2026-02-10",20260210,11,21,50,20,0,400,20000
2236,"2026-02-10",20260210,12,13,168,26,0,1000,168000
2237,"2026-02-10",20260210,13,5,84,28,0,210,17640
2238,"2026-02-10",20260210,14,3,88,16,0,680,59840
2239,"2026-02-10",20260210,15,8,197,35,0,430,84710
2240,"2026-02-10",20260210,16,8,14,34,1,25,350
2241,"2026-02-09",20260209,1,32,19,42,1,150,2850
2242,"2026-02-09",20260209,2,28,24,19,0,50,1200
2243,"2026-02-09",20260209,3,19,160,21,0,30,4800
2244,"2026-02-09",20260209,4,19,82,22,0,20,1640
2245,"2026-02-09",20260209,5,12,58,42,0,380,22040
2246,"2026-02-09",20260209,6,33,185,48,0,520,96200
2247,"2026-02-09",20260209,7,25,182,44,0,190,34580
2248,"2026-02-09",20260209,8,20,20,22,1,110,2200
2249,"2026-02-09",20260209,9,28,25,32,1,800,20000
2250,"2026-02-09",20260209,10,13,123,17,0,1500,184500
2251,"2026-02-09",20260209,11,13,144,20,0,400,57600
2252,"2026-02-09",20260209,12,4,78,26,0,1000,78000
2253,"2026-02-09",20260209,13,5,176,28,0,210,36960
2254,"2026-02-09",20260209,14,30,33,16,0,680,22440
2255,"2026-02-09",20260209,15,5,78,35,0,430,33540
2256,"2026-02-09",20260209,16,25,193,34,0,25,4825
2257,"2026-02-08",20260208,1,5,134,42,0,150,20100
2258,"2026-02-08",20260208,2,34,33,19,0,50,1650
2259,"2026-02-08",20260208,3,7,120,21,0,30,3600
2260,"2026-02-08",20260208,4,30,46,22,0,20,920
2261,"2026-02-08",20260208,5,10,155,42,0,380,58900
2262,"2026-02-08",20260208,6,25,198,48,0,520,102960
2263,"2026-02-08",20260208,7,32,173,44,0,190,32870
2264,"2026-02-08",20260208,8,20,191,22,0,110,21010
2265,"2026-02-08",20260208,9,2,35,32,0,800,28000
2266,"2026-02-08",20260208,10,3,95,17,0,1500,142500
2267,"2026-02-08",20260208,11,6,141,20,0,400,56400
2268,"2026-02-08",20260208,12,12,150,26,0,1000,150000
2269,"2026-02-08",20260208,13,23,106,28,0,210,22260
2270,"2026-02-08",20260208,14,11,162,16,0,680,110160
2271,"2026-02-08",20260208,15,18,154,35,0,430,66220
2272,"2026-02-08",20260208,16,29,30,34,1,25,750
2273,"2026-02-07",20260207,1,28,198,42,0,150,29700
2274,"2026-02-07",20260207,2,10,144,19,0,50,7200
2275,"2026-02-07",20260207,3,17,151,21,0,30,4530
2276,"2026-02-07",20260207,4,21,110,22,0,20,2200
2277,"2026-02-07",20260207,5,32,83,42,0,380,31540
2278,"2026-02-07",20260207,6,12,98,48,0,520,50960
2279,"2026-02-07",20260207,7,29,63,44,0,190,11970
2280,"2026-02-07",20260207,8,17,184,22,0,110,20240
2281,"2026-02-07",20260207,9,10,40,32,0,800,32000
2282,"2026-02-07",20260207,10,17,78,17,0,1500,117000
2283,"2026-02-07",20260207,11,15,129,20,0,400,51600
2284,"2026-02-07",20260207,12,34,183,26,0,1000,183000
2285,"2026-02-07",20260207,13,20,179,28,0,210,37590
2286,"2026-02-07",20260207,14,11,96,16,0,680,65280
2287,"2026-02-07",20260207,15,29,10,35,1,430,4300
2288,"2026-02-07",20260207,16,17,51,34,0,25,1275
2289,"2026-02-06",20260206,1,2,111,42,0,150,16650
2290,"2026-02-06",20260206,2,34,34,19,0,50,1700
2291,"2026-02-06",20260206,3,3,138,21,0,30,4140
2292,"2026-02-06",20260206,4,24,136,22,0,20,2720
2293,"2026-02-06",20260206,5,17,176,42,0,380,66880
2294,"2026-02-06",20260206,6,8,81,48,0,520,42120
2295,"2026-02-06",20260206,7,5,132,44,0,190,25080
2296,"2026-02-06",20260206,8,18,93,22,0,110,10230
2297,"2026-02-06",20260206,9,1,132,32,0,800,105600
2298,"2026-02-06",20260206,10,21,68,17,0,1500,102000
2299,"2026-02-06",20260206,11,18,118,20,0,400,47200
2300,"2026-02-06",20260206,12,8,11,26,1,1000,11000
2301,"2026-02-06",20260206,13,16,150,28,0,210,31500
2302,"2026-02-06",20260206,14,1,38,16,0,680,25840
2303,"2026-02-06",20260206,15,25,145,35,0,430,62350
2304,"2026-02-06",20260206,16,10,18,34,1,25,450
2305,"2026-02-05",20260205,1,33,137,42,0,150,20550
2306,"2026-02-05",20260205,2,18,32,19,0,50,1600
2307,"2026-02-05",20260205,3,32,166,21,0,30,4980
2308,"2026-02-05",20260205,4,3,23,22,0,20,460
2309,"2026-02-05",20260205,5,11,106,42,0,380,40280
2310,"2026-02-05",20260205,6,8,182,48,0,520,94640
2311,"2026-02-05",20260205,7,19,26,44,1,190,4940
2312,"2026-02-05",20260205,8,17,83,22,0,110,9130
2313,"2026-02-05",20260205,9,23,164,32,0,800,131200
2314,"2026-02-05",20260205,10,33,114,17,0,1500,171000
2315,"2026-02-05",20260205,11,30,43,20,0,400,17200
2316,"2026-02-05",20260205,12,20,93,26,0,1000,93000
2317,"2026-02-05",20260205,13,33,185,28,0,210,38850
2318,"2026-02-05",20260205,14,7,103,16,0,680,70040
2319,"2026-02-05",20260205,15,31,117,35,0,430,50310
2320,"2026-02-05",20260205,16,23,77,34,0,25,1925
2321,"2026-02-04",20260204,1,19,185,42,0,150,27750
2322,"2026-02-04",20260204,2,27,50,19,0,50,2500
2323,"2026-02-04",20260204,3,24,51,21,0,30,1530
2324,"2026-02-04",20260204,4,34,70,22,0,20,1400
2325,"2026-02-04",20260204,5,16,182,42,0,380,69160
2326,"2026-02-04",20260204,6,18,71,48,0,520,36920
2327,"2026-02-04",20260204,7,20,156,44,0,190,29640
2328,"2026-02-04",20260204,8,2,171,22,0,110,18810
2329,"2026-02-04",20260204,9,2,90,32,0,800,72000
2330,"2026-02-04",20260204,10,25,191,17,0,1500,286500
2331,"2026-02-04",20260204,11,17,20,20,1,400,8000
2332,"2026-02-04",20260204,12,22,15,26,1,1000,15000
2333,"2026-02-04",20260204,13,28,107,28,0,210,22470
2334,"2026-02-04",20260204,14,29,126,16,0,680,85680
2335,"2026-02-04",20260204,15,19,72,35,0,430,30960
2336,"2026-02-04",20260204,16,16,134,34,0,25,3350
2337,"2026-02-03",20260203,1,5,157,42,0,150,23550
2338,"2026-02-03",20260203,2,1,106,19,0,50,5300
2339,"2026-02-03",20260203,3,28,188,21,0,30,5640
2340,"2026-02-03",20260203,4,9,139,22,0,20,2780
2341,"2026-02-03",20260203,5,9,117,42,0,380,44460
2342,"2026-02-03",20260203,6,29,174,48,0,520,90480
2343,"2026-02-03",20260203,7,23,190,44,0,190,36100
2344,"2026-02-03",20260203,8,4,151,22,0,110,16610
2345,"2026-02-03",20260203,9,14,136,32,0,800,108800
2346,"2026-02-03",20260203,10,29,55,17,0,1500,82500
2347,"2026-02-03",20260203,11,3,162,20,0,400,64800
2348,"2026-02-03",20260203,12,29,93,26,0,1000,93000
2349,"2026-02-03",20260203,13,21,67,28,0,210,14070
2350,"2026-02-03",20260203,14,4,14,16,1,680,9520
2351,"2026-02-03",20260203,15,21,117,35,0,430,50310
2352,"2026-02-03",20260203,16,19,122,34,0,25,3050
2353,"2026-02-02",20260202,1,1,70,42,0,150,10500
2354,"2026-02-02",20260202,2,21,20,19,0,50,1000
2355,"2026-02-02",20260202,3,10,86,21,0,30,2580
2356,"2026-02-02",20260202,4,15,150,22,0,20,3000
2357,"2026-02-02",20260202,5,10,58,42,0,380,22040
2358,"2026-02-02",20260202,6,29,106,48,0,520,55120
2359,"2026-02-02",20260202,7,7,197,44,0,190,37430
2360,"2026-02-02",20260202,8,4,104,22,0,110,11440
2361,"2026-02-02",20260202,9,30,170,32,0,800,136000
2362,"2026-02-02",20260202,10,21,20,17,0,1500,30000
2363,"2026-02-02",20260202,11,14,12,20,1,400,4800
2364,"2026-02-02",20260202,12,1,141,26,0,1000,141000
2365,"2026-02-02",20260202,13,20,60,28,0,210,12600
2366,"2026-02-02",20260202,14,31,42,16,0,680,28560
2367,"2026-02-02",20260202,15,25,20,35,1,430,8600
2368,"2026-02-02",20260202,16,18,83,34,0,25,2075
2369,"2026-02-01",20260201,1,17,117,42,0,150,17550
2370,"2026-02-01",20260201,2,14,163,19,0,50,8150
2371,"2026-02-01",20260201,3,2,160,21,0,30,4800
2372,"2026-02-01",20260201,4,7,102,22,0,20,2040
2373,"2026-02-01",20260201,5,34,38,42,1,380,14440
2374,"2026-02-01",20260201,6,1,22,48,1,520,11440
2375,"2026-02-01",20260201,7,18,109,44,0,190,20710
2376,"2026-02-01",20260201,8,18,28,22,0,110,3080
2377,"2026-02-01",20260201,9,6,131,32,0,800,104800
2378,"2026-02-01",20260201,10,11,74,17,0,1500,111000
2379,"2026-02-01",20260201,11,28,88,20,0,400,35200
2380,"2026-02-01",20260201,12,32,95,26,0,1000,95000
2381,"2026-02-01",20260201,13,25,34,28,0,210,7140
2382,"2026-02-01",20260201,14,7,132,16,0,680,89760
2383,"2026-02-01",20260201,15,13,24,35,1,430,10320
2384,"2026-02-01",20260201,16,6,186,34,0,25,4650
2385,"2026-01-31",20260131,1,28,92,42,0,150,13800
2386,"2026-01-31",20260131,2,11,112,19,0,50,5600
2387,"2026-01-31",20260131,3,5,36,21,0,30,1080
2388,"2026-01-31",20260131,4,12,45,22,0,20,900
2389,"2026-01-31",20260131,5,3,86,42,0,380,32680
2390,"2026-01-31",20260131,6,9,31,48,1,520,16120
2391,"2026-01-31",20260131,7,8,25,44,1,190,4750
2392,"2026-01-31",20260131,8,26,72,22,0,110,7920
2393,"2026-01-31",20260131,9,11,41,32,0,800,32800
2394,"2026-01-31",20260131,10,34,57,17,0,1500,85500
2395,"2026-01-31",20260131,11,5,185,20,0,400,74000
2396,"2026-01-31",20260131,12,22,64,26,0,1000,64000
2397,"2026-01-31",20260131,13,19,132,28,0,210,27720
2398,"2026-01-31",20260131,14,2,151,16,0,680,102680
2399,"2026-01-31",20260131,15,29,92,35,0,430,39560
2400,"2026-01-31",20260131,16,32,135,34,0,25,3375
2401,"2026-01-30",20260130,1,20,168,42,0,150,25200
2402,"2026-01-30",20260130,2,29,117,19,0,50,5850
2403,"2026-01-30",20260130,3,26,150,21,0,30,4500
2404,"2026-01-30",20260130,4,8,141,22,0,20,2820
2405,"2026-01-30",20260130,5,3,101,42,0,380,38380
2406,"2026-01-30",20260130,6,30,27,48,1,520,14040
2407,"2026-01-30",20260130,7,6,73,44,0,190,13870
2408,"2026-01-30",20260130,8,19,10,22,1,110,1100
2409,"2026-01-30",20260130,9,32,91,32,0,800,72800
2410,"2026-01-30",20260130,10,17,57,17,0,1500,85500
2411,"2026-01-30",20260130,11,8,41,20,0,400,16400
2412,"2026-01-30",20260130,12,33,64,26,0,1000,64000
2413,"2026-01-30",20260130,13,13,199,28,0,210,41790
2414,"2026-01-30",20260130,14,25,185,16,0,680,125800
2415,"2026-01-30",20260130,15,20,182,35,0,430,78260
2416,"2026-01-30",20260130,16,3,91,34,0,25,2275
2417,"2026-01-29",20260129,1,13,46,42,0,150,6900
2418,"2026-01-29",20260129,2,4,92,19,0,50,4600
2419,"2026-01-29",20260129,3,3,104,21,0,30,3120
2420,"2026-01-29",20260129,4,15,198,22,0,20,3960
2421,"2026-01-29",20260129,5,6,198,42,0,380,75240
2422,"2026-01-29",20260129,6,19,105,48,0,520,54600
2423,"2026-01-29",20260129,7,24,152,44,0,190,28880
2424,"2026-01-29",20260129,8,22,28,22,0,110,3080
2425,"2026-01-29",20260129,9,17,169,32,0,800,135200
2426,"2026-01-29",20260129,10,7,161,17,0,1500,241500
2427,"2026-01-29",20260129,11,6,19,20,1,400,7600
2428,"2026-01-29",20260129,12,27,156,26,0,1000,156000
2429,"2026-01-29",20260129,13,13,66,28,0,210,13860
2430,"2026-01-29",20260129,14,18,61,16,0,680,41480
2431,"2026-01-29",20260129,15,35,64,35,0,430,27520
2432,"2026-01-29",20260129,16,5,73,34,0,25,1825
2433,"2026-01-28",20260128,1,27,137,42,0,150,20550
2434,"2026-01-28",20260128,2,24,160,19,0,50,8000
2435,"2026-01-28",20260128,3,21,57,21,0,30,1710
2436,"2026-01-28",20260128,4,16,137,22,0,20,2740
2437,"2026-01-28",20260128,5,24,191,42,0,380,72580
2438,"2026-01-28",20260128,6,14,52,48,0,520,27040
2439,"2026-01-28",20260128,7,3,61,44,0,190,11590
2440,"2026-01-28",20260128,8,21,31,22,0,110,3410
2441,"2026-01-28",20260128,9,34,159,32,0,800,127200
2442,"2026-01-28",20260128,10,13,114,17,0,1500,171000
2443,"2026-01-28",20260128,11,33,37,20,0,400,14800
2444,"2026-01-28",20260128,12,6,164,26,0,1000,164000
2445,"2026-01-28",20260128,13,16,20,28,1,210,4200
2446,"2026-01-28",20260128,14,3,51,16,0,680,34680
2447,"2026-01-28",20260128,15,7,19,35,1,430,8170
2448,"2026-01-28",20260128,16,28,54,34,0,25,1350
2449,"2026-01-27",20260127,1,29,72,42,0,150,10800
2450,"2026-01-27",20260127,2,14,197,19,0,50,9850
2451,"2026-01-27",20260127,3,12,185,21,0,30,5550
2452,"2026-01-27",20260127,4,35,73,22,0,20,1460
2453,"2026-01-27",20260127,5,15,44,42,0,380,16720
2454,"2026-01-27",20260127,6,9,130,48,0,520,67600
2455,"2026-01-27",20260127,7,10,177,44,0,190,33630
2456,"2026-01-27",20260127,8,1,139,22,0,110,15290
2457,"2026-01-27",20260127,9,18,53,32,0,800,42400
2458,"2026-01-27",20260127,10,22,173,17,0,1500,259500
2459,"2026-01-27",20260127,11,29,68,20,0,400,27200
2460,"2026-01-27",20260127,12,30,31,26,0,1000,31000
2461,"2026-01-27",20260127,13,31,183,28,0,210,38430
2462,"2026-01-27",20260127,14,22,141,16,0,680,95880
2463,"2026-01-27",20260127,15,25,162,35,0,430,69660
2464,"2026-01-27",20260127,16,17,126,34,0,25,3150
2465,"2026-01-26",20260126,1,12,17,42,1,150,2550
2466,"2026-01-26",20260126,2,35,48,19,0,50,2400
2467,"2026-01-26",20260126,3,7,190,21,0,30,5700
2468,"2026-01-26",20260126,4,18,126,22,0,20,2520
2469,"2026-01-26",20260126,5,28,142,42,0,380,53960
2470,"2026-01-26",20260126,6,22,19,48,1,520,9880
2471,"2026-01-26",20260126,7,33,66,44,0,190,12540
2472,"2026-01-26",20260126,8,29,80,22,0,110,8800
2473,"2026-01-26",20260126,9,22,153,32,0,800,122400
2474,"2026-01-26",20260126,10,33,136,17,0,1500,204000
2475,"2026-01-26",20260126,11,29,84,20,0,400,33600
2476,"2026-01-26",20260126,12,5,139,26,0,1000,139000
2477,"2026-01-26",20260126,13,12,36,28,0,210,7560
2478,"2026-01-26",20260126,14,33,93,16,0,680,63240
2479,"2026-01-26",20260126,15,1,127,35,0,430,54610
2480,"2026-01-26",20260126,16,30,13,34,1,25,325
2481,"2026-01-25",20260125,1,23,191,42,0,150,28650
2482,"2026-01-25",20260125,2,33,41,19,0,50,2050
2483,"2026-01-25",20260125,3,35,168,21,0,30,5040
2484,"2026-01-25",20260125,4,35,198,22,0,20,3960
2485,"2026-01-25",20260125,5,21,109,42,0,380,41420
2486,"2026-01-25",20260125,6,10,107,48,0,520,55640
2487,"2026-01-25",20260125,7,17,60,44,0,190,11400
2488,"2026-01-25",20260125,8,5,121,22,0,110,13310
2489,"2026-01-25",20260125,9,6,93,32,0,800,74400
2490,"2026-01-25",20260125,10,20,96,17,0,1500,144000
2491,"2026-01-25",20260125,11,25,135,20,0,400,54000
2492,"2026-01-25",20260125,12,33,181,26,0,1000,181000
2493,"2026-01-25",20260125,13,9,198,28,0,210,41580
2494,"2026-01-25",20260125,14,6,68,16,0,680,46240
2495,"2026-01-25",20260125,15,30,19,35,1,430,8170
2496,"2026-01-25",20260125,16,35,160,34,0,25,4000
2497,"2026-01-24",20260124,1,5,168,42,0,150,25200
2498,"2026-01-24",20260124,2,33,122,19,0,50,6100
2499,"2026-01-24",20260124,3,14,158,21,0,30,4740
2500,"2026-01-24",20260124,4,22,29,22,0,20,580
2501,"2026-01-24",20260124,5,11,23,42,1,380,8740
2502,"2026-01-24",20260124,6,24,47,48,1,520,24440
2503,"2026-01-24",20260124,7,12,158,44,0,190,30020
2504,"2026-01-24",20260124,8,15,94,22,0,110,10340
2505,"2026-01-24",20260124,9,14,17,32,1,800,13600
2506,"2026-01-24",20260124,10,10,162,17,0,1500,243000
2507,"2026-01-24",20260124,11,25,39,20,0,400,15600
2508,"2026-01-24",20260124,12,28,82,26,0,1000,82000
2509,"2026-01-24",20260124,13,31,173,28,0,210,36330
2510,"2026-01-24",20260124,14,30,78,16,0,680,53040
2511,"2026-01-24",20260124,15,28,185,35,0,430,79550
2512,"2026-01-24",20260124,16,32,166,34,0,25,4150
2513,"2026-01-23",20260123,1,22,143,42,0,150,21450
2514,"2026-01-23",20260123,2,5,162,19,0,50,8100
2515,"2026-01-23",20260123,3,20,92,21,0,30,2760
2516,"2026-01-23",20260123,4,10,37,22,0,20,740
2517,"2026-01-23",20260123,5,32,84,42,0,380,31920
2518,"2026-01-23",20260123,6,9,14,48,1,520,7280
2519,"2026-01-23",20260123,7,32,39,44,1,190,7410
2520,"2026-01-23",20260123,8,28,180,22,0,110,19800
2521,"2026-01-23",20260123,9,5,134,32,0,800,107200
2522,"2026-01-23",20260123,10,17,66,17,0,1500,99000
2523,"2026-01-23",20260123,11,26,146,20,0,400,58400
2524,"2026-01-23",20260123,12,28,186,26,0,1000,186000
2525,"2026-01-23",20260123,13,9,61,28,0,210,12810
2526,"2026-01-23",20260123,14,13,52,16,0,680,35360
2527,"2026-01-23",20260123,15,9,120,35,0,430,51600
2528,"2026-01-23",20260123,16,32,160,34,0,25,4000
2529,"2026-01-22",20260122,1,16,199,42,0,150,29850
2530,"2026-01-22",20260122,2,23,142,19,0,50,7100
2531,"2026-01-22",20260122,3,26,23,21,0,30,690
2532,"2026-01-22",20260122,4,13,33,22,0,20,660
2533,"2026-01-22",20260122,5,20,72,42,0,380,27360
2534,"2026-01-22",20260122,6,2,80,48,0,520,41600
2535,"2026-01-22",20260122,7,21,88,44,0,190,16720
2536,"2026-01-22",20260122,8,14,105,22,0,110,11550
2537,"2026-01-22",20260122,9,4,71,32,0,800,56800
2538,"2026-01-22",20260122,10,28,128,17,0,1500,192000
2539,"2026-01-22",20260122,11,9,28,20,0,400,11200
2540,"2026-01-22",20260122,12,23,38,26,0,1000,38000
2541,"2026-01-22",20260122,13,28,52,28,0,210,10920
2542,"2026-01-22",20260122,14,1,135,16,0,680,91800
2543,"2026-01-22",20260122,15,19,43,35,0,430,18490
2544,"2026-01-22",20260122,16,35,97,34,0,25,2425
2545,"2026-01-21",20260121,1,25,180,42,0,150,27000
2546,"2026-01-21",20260121,2,25,110,19,0,50,5500
2547,"2026-01-21",20260121,3,34,62,21,0,30,1860
2548,"2026-01-21",20260121,4,18,44,22,0,20,880
2549,"2026-01-21",20260121,5,20,175,42,0,380,66500
2550,"2026-01-21",20260121,6,15,84,48,0,520,43680
2551,"2026-01-21",20260121,7,5,94,44,0,190,17860
2552,"2026-01-21",20260121,8,10,132,22,0,110,14520
2553,"2026-01-21",20260121,9,29,42,32,0,800,33600
2554,"2026-01-21",20260121,10,23,70,17,0,1500,105000
2555,"2026-01-21",20260121,11,15,38,20,0,400,15200
2556,"2026-01-21",20260121,12,25,160,26,0,1000,160000
2557,"2026-01-21",20260121,13,28,169,28,0,210,35490
2558,"2026-01-21",20260121,14,29,53,16,0,680,36040
2559,"2026-01-21",20260121,15,34,168,35,0,430,72240
2560,"2026-01-21",20260121,16,14,192,34,0,25,4800
2561,"2026-01-20",20260120,1,1,191,42,0,150,28650
2562,"2026-01-20",20260120,2,25,72,19,0,50,3600
2563,"2026-01-20",20260120,3,9,87,21,0,30,2610
2564,"2026-01-20",20260120,4,9,101,22,0,20,2020
2565,"2026-01-20",20260120,5,3,16,42,1,380,6080
2566,"2026-01-20",20260120,6,10,157,48,0,520,81640
2567,"2026-01-20",20260120,7,5,26,44,1,190,4940
2568,"2026-01-20",20260120,8,13,34,22,0,110,3740
2569,"2026-01-20",20260120,9,24,168,32,0,800,134400
2570,"2026-01-20",20260120,10,35,103,17,0,1500,154500
2571,"2026-01-20",20260120,11,4,42,20,0,400,16800
2572,"2026-01-20",20260120,12,10,140,26,0,1000,140000
2573,"2026-01-20",20260120,13,5,68,28,0,210,14280
2574,"2026-01-20",20260120,14,28,151,16,0,680,102680
2575,"2026-01-20",20260120,15,29,70,35,0,430,30100
2576,"2026-01-20",20260120,16,1,72,34,0,25,1800
2577,"2026-01-19",20260119,1,23,182,42,0,150,27300
2578,"2026-01-19",20260119,2,16,52,19,0,50,2600
2579,"2026-01-19",20260119,3,32,70,21,0,30,2100
2580,"2026-01-19",20260119,4,8,170,22,0,20,3400
2581,"2026-01-19",20260119,5,14,152,42,0,380,57760
2582,"2026-01-19",20260119,6,22,94,48,0,520,48880
2583,"2026-01-19",20260119,7,32,185,44,0,190,35150
2584,"2026-01-19",20260119,8,15,123,22,0,110,13530
2585,"2026-01-19",20260119,9,11,48,32,0,800,38400
2586,"2026-01-19",20260119,10,15,141,17,0,1500,211500
2587,"2026-01-19",20260119,11,26,140,20,0,400,56000
2588,"2026-01-19",20260119,12,17,46,26,0,1000,46000
2589,"2026-01-19",20260119,13,27,159,28,0,210,33390
2590,"2026-01-19",20260119,14,24,12,16,1,680,8160
2591,"2026-01-19",20260119,15,15,15,35,1,430,6450
2592,"2026-01-19",20260119,16,8,143,34,0,25,3575
2593,"2026-01-18",20260118,1,28,62,42,0,150,9300
2594,"2026-01-18",20260118,2,21,92,19,0,50,4600
2595,"2026-01-18",20260118,3,18,47,21,0,30,1410
2596,"2026-01-18",20260118,4,35,33,22,0,20,660
2597,"2026-01-18",20260118,5,12,71,42,0,380,26980
2598,"2026-01-18",20260118,6,4,92,48,0,520,47840
2599,"2026-01-18",20260118,7,27,134,44,0,190,25460
2600,"2026-01-18",20260118,8,29,38,22,0,110,4180
2601,"2026-01-18",20260118,9,14,76,32,0,800,60800
2602,"2026-01-18",20260118,10,23,185,17,0,1500,277500
2603,"2026-01-18",20260118,11,11,20,20,1,400,8000
2604,"2026-01-18",20260118,12,2,191,26,0,1000,191000
2605,"2026-01-18",20260118,13,14,133,28,0,210,27930
2606,"2026-01-18",20260118,14,15,115,16,0,680,78200
2607,"2026-01-18",20260118,15,12,18,35,1,430,7740
2608,"2026-01-18",20260118,16,7,38,34,0,25,950
2609,"2026-01-17",20260117,1,6,24,42,1,150,3600
2610,"2026-01-17",20260117,2,8,30,19,0,50,1500
2611,"2026-01-17",20260117,3,2,81,21,0,30,2430
2612,"2026-01-17",20260117,4,19,104,22,0,20,2080
2613,"2026-01-17",20260117,5,21,10,42,1,380,3800
2614,"2026-01-17",20260117,6,4,11,48,1,520,5720
2615,"2026-01-17",20260117,7,18,187,44,0,190,35530
2616,"2026-01-17",20260117,8,5,28,22,0,110,3080
2617,"2026-01-17",20260117,9,25,199,32,0,800,159200
2618,"2026-01-17",20260117,10,6,45,17,0,1500,67500
2619,"2026-01-17",20260117,11,8,140,20,0,400,56000
2620,"2026-01-17",20260117,12,8,17,26,1,1000,17000
2621,"2026-01-17",20260117,13,27,110,28,0,210,23100
2622,"2026-01-17",20260117,14,32,10,16,1,680,6800
2623,"2026-01-17",20260117,15,20,79,35,0,430,33970
2624,"2026-01-17",20260117,16,2,127,34,0,25,3175
2625,"2026-01-16",20260116,1,30,193,42,0,150,28950
2626,"2026-01-16",20260116,2,7,163,19,0,50,8150
2627,"2026-01-16",20260116,3,31,133,21,0,30,3990
2628,"2026-01-16",20260116,4,11,154,22,0,20,3080
2629,"2026-01-16",20260116,5,31,49,42,0,380,18620
2630,"2026-01-16",20260116,6,2,135,48,0,520,70200
2631,"2026-01-16",20260116,7,17,37,44,1,190,7030
2632,"2026-01-16",20260116,8,2,182,22,0,110,20020
2633,"2026-01-16",20260116,9,23,177,32,0,800,141600
2634,"2026-01-16",20260116,10,24,151,17,0,1500,226500
2635,"2026-01-16",20260116,11,10,122,20,0,400,48800
2636,"2026-01-16",20260116,12,18,34,26,0,1000,34000
2637,"2026-01-16",20260116,13,15,33,28,0,210,6930
2638,"2026-01-16",20260116,14,20,41,16,0,680,27880
2639,"2026-01-16",20260116,15,15,24,35,1,430,10320
2640,"2026-01-16",20260116,16,14,36,34,0,25,900
2641,"2026-01-15",20260115,1,26,87,42,0,150,13050
2642,"2026-01-15",20260115,2,13,185,19,0,50,9250
2643,"2026-01-15",20260115,3,19,139,21,0,30,4170
2644,"2026-01-15",20260115,4,4,98,22,0,20,1960
2645,"2026-01-15",20260115,5,29,173,42,0,380,65740
2646,"2026-01-15",20260115,6,16,106,48,0,520,55120
2647,"2026-01-15",20260115,7,31,70,44,0,190,13300
2648,"2026-01-15",20260115,8,25,85,22,0,110,9350
2649,"2026-01-15",20260115,9,29,198,32,0,800,158400
2650,"2026-01-15",20260115,10,21,144,17,0,1500,216000
2651,"2026-01-15",20260115,11,7,122,20,0,400,48800
2652,"2026-01-15",20260115,12,34,47,26,0,1000,47000
2653,"2026-01-15",20260115,13,24,183,28,0,210,38430
2654,"2026-01-15",20260115,14,9,165,16,0,680,112200
2655,"2026-01-15",20260115,15,12,134,35,0,430,57620
2656,"2026-01-15",20260115,16,21,48,34,0,25,1200
2657,"2026-01-14",20260114,1,12,45,42,0,150,6750
2658,"2026-01-14",20260114,2,34,43,19,0,50,2150
2659,"2026-01-14",20260114,3,5,33,21,0,30,990
2660,"2026-01-14",20260114,4,19,42,22,0,20,840
2661,"2026-01-14",20260114,5,20,148,42,0,380,56240
2662,"2026-01-14",20260114,6,34,145,48,0,520,75400
2663,"2026-01-14",20260114,7,2,80,44,0,190,15200
2664,"2026-01-14",20260114,8,20,144,22,0,110,15840
2665,"2026-01-14",20260114,9,13,24,32,1,800,19200
2666,"2026-01-14",20260114,10,35,113,17,0,1500,169500
2667,"2026-01-14",20260114,11,5,173,20,0,400,69200
2668,"2026-01-14",20260114,12,29,83,26,0,1000,83000
2669,"2026-01-14",20260114,13,21,33,28,0,210,6930
2670,"2026-01-14",20260114,14,16,112,16,0,680,76160
2671,"2026-01-14",20260114,15,23,139,35,0,430,59770
2672,"2026-01-14",20260114,16,6,64,34,0,25,1600
2673,"2026-01-13",20260113,1,33,67,42,0,150,10050
2674,"2026-01-13",20260113,2,23,128,19,0,50,6400
2675,"2026-01-13",20260113,3,11,85,21,0,30,2550
2676,"2026-01-13",20260113,4,23,95,22,0,20,1900
2677,"2026-01-13",20260113,5,5,70,42,0,380,26600
2678,"2026-01-13",20260113,6,4,84,48,0,520,43680
2679,"2026-01-13",20260113,7,14,168,44,0,190,31920
2680,"2026-01-13",20260113,8,35,159,22,0,110,17490
2681,"2026-01-13",20260113,9,21,179,32,0,800,143200
2682,"2026-01-13",20260113,10,1,120,17,0,1500,180000
2683,"2026-01-13",20260113,11,3,50,20,0,400,20000
2684,"2026-01-13",20260113,12,12,112,26,0,1000,112000
2685,"2026-01-13",20260113,13,16,120,28,0,210,25200
2686,"2026-01-13",20260113,14,29,69,16,0,680,46920
2687,"2026-01-13",20260113,15,19,79,35,0,430,33970
2688,"2026-01-13",20260113,16,32,145,34,0,25,3625
2689,"2026-01-12",20260112,1,7,123,42,0,150,18450
2690,"2026-01-12",20260112,2,31,43,19,0,50,2150
2691,"2026-01-12",20260112,3,7,32,21,0,30,960
2692,"2026-01-12",20260112,4,13,101,22,0,20,2020
2693,"2026-01-12",20260112,5,31,144,42,0,380,54720
2694,"2026-01-12",20260112,6,35,183,48,0,520,95160
2695,"2026-01-12",20260112,7,23,76,44,0,190,14440
2696,"2026-01-12",20260112,8,35,16,22,1,110,1760
2697,"2026-01-12",20260112,9,22,161,32,0,800,128800
2698,"2026-01-12",20260112,10,23,165,17,0,1500,247500
2699,"2026-01-12",20260112,11,3,109,20,0,400,43600
2700,"2026-01-12",20260112,12,30,90,26,0,1000,90000
2701,"2026-01-12",20260112,13,34,116,28,0,210,24360
2702,"2026-01-12",20260112,14,23,75,16,0,680,51000
2703,"2026-01-12",20260112,15,2,162,35,0,430,69660
2704,"2026-01-12",20260112,16,8,195,34,0,25,4875
2705,"2026-01-11",20260111,1,18,172,42,0,150,25800
2706,"2026-01-11",20260111,2,34,62,19,0,50,3100
2707,"2026-01-11",20260111,3,16,15,21,1,30,450
2708,"2026-01-11",20260111,4,26,47,22,0,20,940
2709,"2026-01-11",20260111,5,35,155,42,0,380,58900
2710,"2026-01-11",20260111,6,2,16,48,1,520,8320
2711,"2026-01-11",20260111,7,25,66,44,0,190,12540
2712,"2026-01-11",20260111,8,31,54,22,0,110,5940
2713,"2026-01-11",20260111,9,16,80,32,0,800,64000
2714,"2026-01-11",20260111,10,7,57,17,0,1500,85500
2715,"2026-01-11",20260111,11,17,169,20,0,400,67600
2716,"2026-01-11",20260111,12,5,158,26,0,1000,158000
2717,"2026-01-11",20260111,13,10,110,28,0,210,23100
2718,"2026-01-11",20260111,14,5,21,16,0,680,14280
2719,"2026-01-11",20260111,15,28,115,35,0,430,49450
2720,"2026-01-11",20260111,16,8,80,34,0,25,2000
2721,"2026-01-10",20260110,1,8,101,42,0,150,15150
2722,"2026-01-10",20260110,2,24,51,19,0,50,2550
2723,"2026-01-10",20260110,3,25,140,21,0,30,4200
2724,"2026-01-10",20260110,4,34,169,22,0,20,3380
2725,"2026-01-10",20260110,5,33,63,42,0,380,23940
2726,"2026-01-10",20260110,6,15,34,48,1,520,17680
2727,"2026-01-10",20260110,7,4,143,44,0,190,27170
2728,"2026-01-10",20260110,8,7,159,22,0,110,17490
2729,"2026-01-10",20260110,9,4,15,32,1,800,12000
2730,"2026-01-10",20260110,10,21,84,17,0,1500,126000
2731,"2026-01-10",20260110,11,20,98,20,0,400,39200
2732,"2026-01-10",20260110,12,19,140,26,0,1000,140000
2733,"2026-01-10",20260110,13,19,186,28,0,210,39060
2734,"2026-01-10",20260110,14,33,140,16,0,680,95200
2735,"2026-01-10",20260110,15,7,27,35,1,430,11610
2736,"2026-01-10",20260110,16,8,126,34,0,25,3150
2737,"2026-01-09",20260109,1,15,67,42,0,150,10050
2738,"2026-01-09",20260109,2,18,135,19,0,50,6750
2739,"2026-01-09",20260109,3,22,24,21,0,30,720
2740,"2026-01-09",20260109,4,8,50,22,0,20,1000
2741,"2026-01-09",20260109,5,15,147,42,0,380,55860
2742,"2026-01-09",20260109,6,31,188,48,0,520,97760
2743,"2026-01-09",20260109,7,2,44,44,1,190,8360
2744,"2026-01-09",20260109,8,11,92,22,0,110,10120
2745,"2026-01-09",20260109,9,9,35,32,0,800,28000
2746,"2026-01-09",20260109,10,33,145,17,0,1500,217500
2747,"2026-01-09",20260109,11,27,20,20,1,400,8000
2748,"2026-01-09",20260109,12,34,171,26,0,1000,171000
2749,"2026-01-09",20260109,13,29,43,28,0,210,9030
2750,"2026-01-09",20260109,14,24,49,16,0,680,33320
2751,"2026-01-09",20260109,15,32,70,35,0,430,30100
2752,"2026-01-09",20260109,16,27,120,34,0,25,3000
2753,"2026-01-08",20260108,1,3,84,42,0,150,12600
2754,"2026-01-08",20260108,2,13,52,19,0,50,2600
2755,"2026-01-08",20260108,3,4,35,21,0,30,1050
2756,"2026-01-08",20260108,4,13,120,22,0,20,2400
2757,"2026-01-08",20260108,5,23,37,42,1,380,14060
2758,"2026-01-08",20260108,6,18,25,48,1,520,13000
2759,"2026-01-08",20260108,7,19,80,44,0,190,15200
2760,"2026-01-08",20260108,8,23,29,22,0,110,3190
2761,"2026-01-08",20260108,9,3,192,32,0,800,153600
2762,"2026-01-08",20260108,10,11,34,17,0,1500,51000
2763,"2026-01-08",20260108,11,28,177,20,0,400,70800
2764,"2026-01-08",20260108,12,6,31,26,0,1000,31000
2765,"2026-01-08",20260108,13,25,13,28,1,210,2730
2766,"2026-01-08",20260108,14,2,13,16,1,680,8840
2767,"2026-01-08",20260108,15,5,179,35,0,430,76970
2768,"2026-01-08",20260108,16,21,30,34,1,25,750
2769,"2026-01-07",20260107,1,12,49,42,0,150,7350
2770,"2026-01-07",20260107,2,11,175,19,0,50,8750
2771,"2026-01-07",20260107,3,21,196,21,0,30,5880
2772,"2026-01-07",20260107,4,26,73,22,0,20,1460
2773,"2026-01-07",20260107,5,32,145,42,0,380,55100
2774,"2026-01-07",20260107,6,21,49,48,0,520,25480
2775,"2026-01-07",20260107,7,4,10,44,1,190,1900
2776,"2026-01-07",20260107,8,20,61,22,0,110,6710
2777,"2026-01-07",20260107,9,25,132,32,0,800,105600
2778,"2026-01-07",20260107,10,14,110,17,0,1500,165000
2779,"2026-01-07",20260107,11,23,25,20,0,400,10000
2780,"2026-01-07",20260107,12,25,103,26,0,1000,103000
2781,"2026-01-07",20260107,13,20,128,28,0,210,26880
2782,"2026-01-07",20260107,14,21,58,16,0,680,39440
2783,"2026-01-07",20260107,15,18,66,35,0,430,28380
2784,"2026-01-07",20260107,16,2,97,34,0,25,2425
2785,"2026-01-06",20260106,1,29,155,42,0,150,23250
2786,"2026-01-06",20260106,2,30,155,19,0,50,7750
2787,"2026-01-06",20260106,3,11,45,21,0,30,1350
2788,"2026-01-06",20260106,4,21,39,22,0,20,780
2789,"2026-01-06",20260106,5,18,104,42,0,380,39520
2790,"2026-01-06",20260106,6,3,68,48,0,520,35360
2791,"2026-01-06",20260106,7,15,194,44,0,190,36860
2792,"2026-01-06",20260106,8,2,123,22,0,110,13530
2793,"2026-01-06",20260106,9,21,55,32,0,800,44000
2794,"2026-01-06",20260106,10,33,27,17,0,1500,40500
2795,"2026-01-06",20260106,11,19,69,20,0,400,27600
2796,"2026-01-06",20260106,12,5,119,26,0,1000,119000
2797,"2026-01-06",20260106,13,13,50,28,0,210,10500
2798,"2026-01-06",20260106,14,20,171,16,0,680,116280
2799,"2026-01-06",20260106,15,31,110,35,0,430,47300
2800,"2026-01-06",20260106,16,20,52,34,0,25,1300
2801,"2026-01-05",20260105,1,8,13,42,1,150,1950
2802,"2026-01-05",20260105,2,1,63,19,0,50,3150
2803,"2026-01-05",20260105,3,18,71,21,0,30,2130
2804,"2026-01-05",20260105,4,9,85,22,0,20,1700
2805,"2026-01-05",20260105,5,20,16,42,1,380,6080
2806,"2026-01-05",20260105,6,5,137,48,0,520,71240
2807,"2026-01-05",20260105,7,26,120,44,0,190,22800
2808,"2026-01-05",20260105,8,24,138,22,0,110,15180
2809,"2026-01-05",20260105,9,34,191,32,0,800,152800
2810,"2026-01-05",20260105,10,12,149,17,0,1500,223500
2811,"2026-01-05",20260105,11,24,170,20,0,400,68000
2812,"2026-01-05",20260105,12,5,85,26,0,1000,85000
2813,"2026-01-05",20260105,13,4,73,28,0,210,15330
2814,"2026-01-05",20260105,14,4,86,16,0,680,58480
2815,"2026-01-05",20260105,15,8,113,35,0,430,48590
2816,"2026-01-05",20260105,16,35,178,34,0,25,4450
2817,"2026-01-04",20260104,1,15,33,42,1,150,4950
2818,"2026-01-04",20260104,2,30,70,19,0,50,3500
2819,"2026-01-04",20260104,3,9,62,21,0,30,1860
2820,"2026-01-04",20260104,4,35,81,22,0,20,1620
2821,"2026-01-04",20260104,5,1,148,42,0,380,56240
2822,"2026-01-04",20260104,6,28,152,48,0,520,79040
2823,"2026-01-04",20260104,7,25,52,44,0,190,9880
2824,"2026-01-04",20260104,8,19,199,22,0,110,21890
2825,"2026-01-04",20260104,9,31,134,32,0,800,107200
2826,"2026-01-04",20260104,10,32,74,17,0,1500,111000
2827,"2026-01-04",20260104,11,14,51,20,0,400,20400
2828,"2026-01-04",20260104,12,29,123,26,0,1000,123000
2829,"2026-01-04",20260104,13,6,149,28,0,210,31290
2830,"2026-01-04",20260104,14,33,172,16,0,680,116960
2831,"2026-01-04",20260104,15,14,109,35,0,430,46870
2832,"2026-01-04",20260104,16,24,134,34,0,25,3350
2833,"2026-01-03",20260103,1,10,175,42,0,150,26250
2834,"2026-01-03",20260103,2,21,42,19,0,50,2100
2835,"2026-01-03",20260103,3,7,70,21,0,30,2100
2836,"2026-01-03",20260103,4,16,135,22,0,20,2700
2837,"2026-01-03",20260103,5,28,117,42,0,380,44460
2838,"2026-01-03",20260103,6,14,70,48,0,520,36400
2839,"2026-01-03",20260103,7,18,55,44,0,190,10450
2840,"2026-01-03",20260103,8,4,93,22,0,110,10230
2841,"2026-01-03",20260103,9,30,100,32,0,800,80000
2842,"2026-01-03",20260103,10,15,11,17,1,1500,16500
2843,"2026-01-03",20260103,11,32,45,20,0,400,18000
2844,"2026-01-03",20260103,12,3,42,26,0,1000,42000
2845,"2026-01-03",20260103,13,28,142,28,0,210,29820
2846,"2026-01-03",20260103,14,30,101,16,0,680,68680
2847,"2026-01-03",20260103,15,29,10,35,1,430,4300
2848,"2026-01-03",20260103,16,32,75,34,0,25,1875
2849,"2026-01-02",20260102,1,15,40,42,1,150,6000
2850,"2026-01-02",20260102,2,7,122,19,0,50,6100
2851,"2026-01-02",20260102,3,33,69,21,0,30,2070
2852,"2026-01-02",20260102,4,8,44,22,0,20,880
2853,"2026-01-02",20260102,5,24,139,42,0,380,52820
2854,"2026-01-02",20260102,6,6,178,48,0,520,92560
2855,"2026-01-02",20260102,7,24,88,44,0,190,16720
2856,"2026-01-02",20260102,8,25,71,22,0,110,7810
2857,"2026-01-02",20260102,9,14,110,32,0,800,88000
2858,"2026-01-02",20260102,10,2,103,17,0,1500,154500
2859,"2026-01-02",20260102,11,3,79,20,0,400,31600
2860,"2026-01-02",20260102,12,11,181,26,0,1000,181000
2861,"2026-01-02",20260102,13,2,40,28,0,210,8400
2862,"2026-01-02",20260102,14,32,100,16,0,680,68000
2863,"2026-01-02",20260102,15,27,171,35,0,430,73530
2864,"2026-01-02",20260102,16,10,149,34,0,25,3725
2865,"2026-01-01",20260101,1,13,169,42,0,150,25350
2866,"2026-01-01",20260101,2,31,145,19,0,50,7250
2867,"2026-01-01",20260101,3,2,126,21,0,30,3780
2868,"2026-01-01",20260101,4,7,140,22,0,20,2800
2869,"2026-01-01",20260101,5,3,138,42,0,380,52440
2870,"2026-01-01",20260101,6,9,101,48,0,520,52520
2871,"2026-01-01",20260101,7,14,36,44,1,190,6840
2872,"2026-01-01",20260101,8,24,106,22,0,110,11660
2873,"2026-01-01",20260101,9,30,28,32,1,800,22400
2874,"2026-01-01",20260101,10,7,58,17,0,1500,87000
2875,"2026-01-01",20260101,11,35,163,20,0,400,65200
2876,"2026-01-01",20260101,12,28,87,26,0,1000,87000
2877,"2026-01-01",20260101,13,17,159,28,0,210,33390
2878,"2026-01-01",20260101,14,23,109,16,0,680,74120
2879,"2026-01-01",20260101,15,3,60,35,0,430,25800
2880,"2026-01-01",20260101,16,35,128,34,0,25,3200